ISO-10303-21;
HEADER;
FILE_DESCRIPTION((''),'1');
FILE_NAME('outfile.stp','2025-08-18T16:19:13',(''),(''),'','','');
FILE_SCHEMA(('CONFIG_CONTROL_DESIGN'));
ENDSEC;
DATA;
#1=CALENDAR_DATE(2000,1,1);
#2=COORDINATED_UNIVERSAL_TIME_OFFSET(0,0,.BEHIND.);
#3=LOCAL_TIME(12,0,0.,#2);
#4=DATE_AND_TIME(#1,#3);
#5=DIMENSIONAL_EXPONENTS(0.,0.,0.,0.,0.,0.,0.);
#6=(
LENGTH_UNIT()
NAMED_UNIT(*)
SI_UNIT(.UNSET.,.METRE.)
);
#7=UNCERTAINTY_MEASURE_WITH_UNIT(LENGTH_MEASURE(1.E-06),#6,'closure','Threshold below which geometry imperfections (such as overlaps) are not considered errors.');
#8=(
NAMED_UNIT(*)
PLANE_ANGLE_UNIT()
SI_UNIT($,.RADIAN.)
);
#9=PLANE_ANGLE_MEASURE_WITH_UNIT(PLANE_ANGLE_MEASURE(0.0174532925199433),#8);
#10=(
CONVERSION_BASED_UNIT('DEGREES',#9)
NAMED_UNIT(#5)
PLANE_ANGLE_UNIT()
);
#11=(
NAMED_UNIT(*)
SI_UNIT($,.STERADIAN.)
SOLID_ANGLE_UNIT()
);
#12=(
GEOMETRIC_REPRESENTATION_CONTEXT(3)
GLOBAL_UNCERTAINTY_ASSIGNED_CONTEXT((#7))
GLOBAL_UNIT_ASSIGNED_CONTEXT((#6,#10,#11))
REPRESENTATION_CONTEXT('STANDARD','3D')
);
#13=CARTESIAN_POINT('',(0.,0.,0.));
#14=DIRECTION('',(0.,0.,1.));
#15=DIRECTION('',(1.,0.,0.));
#16=AXIS2_PLACEMENT_3D('',#13,#14,#15);
#17=APPLICATION_CONTEXT('configuration controlled 3d designs of mechanical parts and assemblies');
#18=MECHANICAL_CONTEXT('',#17,'mechanical');
#19=APPLICATION_PROTOCOL_DEFINITION('international standard','config_control_design',1994,#17);
#20=DESIGN_CONTEXT('',#17,'design');
#21=PRODUCT('','prodname','',(#18));
#22=PRODUCT_RELATED_PRODUCT_CATEGORY('assembly','',(#21));
#23=PRODUCT_DEFINITION_FORMATION_WITH_SPECIFIED_SOURCE('','',#21,.MADE.);
#24=PRODUCT_DEFINITION('','',#23,#20);
#25=PRODUCT_DEFINITION_SHAPE('','ProductShapeDescription',#24);
#26=SHAPE_REPRESENTATION('',(#16),#12);
#27=SHAPE_DEFINITION_REPRESENTATION(#25,#26);
#28=PERSON('','Doe','John',$,$,$);
#29=ORGANIZATION('','','');
#30=PERSON_AND_ORGANIZATION(#28,#29);
#31=PERSON_AND_ORGANIZATION_ROLE('creator');
#32=PERSON_AND_ORGANIZATION_ROLE('design_owner');
#33=PERSON_AND_ORGANIZATION_ROLE('design_supplier');
#34=APPROVAL_STATUS('approved');
#35=APPROVAL(#34,'');
#36=APPROVAL_DATE_TIME(#4,#35);
#37=APPROVAL_ROLE('approver');
#38=APPROVAL_PERSON_ORGANIZATION(#30,#35,#37);
#39=SECURITY_CLASSIFICATION_LEVEL('unclassified');
#40=SECURITY_CLASSIFICATION('','',#39);
#41=CC_DESIGN_SECURITY_CLASSIFICATION(#40,(#23));
#42=PERSON_AND_ORGANIZATION_ROLE('classification_officer');
#43=CC_DESIGN_PERSON_AND_ORGANIZATION_ASSIGNMENT(#30,#42,(#40));
#44=DATE_TIME_ROLE('classification_date');
#45=CC_DESIGN_DATE_AND_TIME_ASSIGNMENT(#4,#44,(#40));
#46=CC_DESIGN_APPROVAL(#35,(#24,#23,#40));
#47=CC_DESIGN_PERSON_AND_ORGANIZATION_ASSIGNMENT(#30,#31,(#24,#23));
#48=CC_DESIGN_PERSON_AND_ORGANIZATION_ASSIGNMENT(#30,#33,(#23));
#49=DATE_TIME_ROLE('creation_date');
#50=CC_DESIGN_DATE_AND_TIME_ASSIGNMENT(#4,#49,(#24));
#51=CC_DESIGN_PERSON_AND_ORGANIZATION_ASSIGNMENT(#30,#32,(#21));
#52=B_SPLINE_SURFACE_WITH_KNOTS('Surf_XLGCQWJLRK, Duct, 0, 0',3,3,((#53, #54, #55, #62, #63, #64, #65),(#56, #57, #58, #66, #67, #68, #69),(#59, #60, #61, #70, #71, #72, #73),(#74, #75, #76, #83, #84, #85, #86),(#77, #78, #79, #87, #88, #89, #90),(#80, #81, #82, #91, #92, #93, #94),(#95, #96, #97, #107, #108, #109, #110),(#98, #99, #100, #111, #112, #113, #114),(#101, #102, #103, #115, #116, #117, #118),(#104, #105, #106, #119, #120, #121, #122)),.UNSPECIFIED.,.F.,.F.,.F.,(4,3,3,4),(4,3,4),(0.,1.,2.,3.),(0.,1.,2.),.PIECEWISE_BEZIER_KNOTS.);
#53=CARTESIAN_POINT('',(0.,0.,-3.375));
#54=CARTESIAN_POINT('',(0.,0.931356603832799,-3.375));
#55=CARTESIAN_POINT('',(5.9211894646675E-16,1.7751066038328,-2.9969283019164));
#56=CARTESIAN_POINT('',(-3.16397720906992,-6.57384087684176E-31,-3.375));
#57=CARTESIAN_POINT('',(-3.16397720906992,0.9313566038328,-3.375));
#58=CARTESIAN_POINT('',(-3.16397720906992,1.7751066038328,-2.9969283019164));
#59=CARTESIAN_POINT('',(-4.33471153450403,1.85037170770859E-16,-3.10181433849831));
#60=CARTESIAN_POINT('',(-4.33471153450403,0.837881282713067,-3.10181433849831));
#61=CARTESIAN_POINT('',(-4.34884155347564,1.58231552133781,-2.76327005683337));
#62=CARTESIAN_POINT('',(5.9211894646675E-16,2.3860174528746,-2.3860174528746));
#63=CARTESIAN_POINT('',(5.9211894646675E-16,2.9969283019164,-1.7751066038328));
#64=CARTESIAN_POINT('',(0.,3.375,-0.931356603832799));
#65=CARTESIAN_POINT('',(0.,3.375,0.));
#66=CARTESIAN_POINT('',(-3.16397720906992,2.3860174528746,-2.3860174528746));
#67=CARTESIAN_POINT('',(-3.16397720906992,2.9969283019164,-1.7751066038328));
#68=CARTESIAN_POINT('',(-3.16397720906992,3.375,-0.9313566038328));
#69=CARTESIAN_POINT('',(-3.16397720906992,3.375,0.));
#70=CARTESIAN_POINT('',(-4.37142849076672,2.12395215552685,-2.22210457959057));
#71=CARTESIAN_POINT('',(-4.39401542805781,2.66558878971588,-1.68093910234777));
#72=CARTESIAN_POINT('',(-4.42505928366837,3.00442781946919,-0.937152429527101));
#73=CARTESIAN_POINT('',(-4.46,3.00442781946919,-0.1));
#74=CARTESIAN_POINT('',(-4.3098754162564,0.,-3.69686844482194));
#75=CARTESIAN_POINT('',(-4.3098754162564,0.993447044088319,-3.69686844482194));
#76=CARTESIAN_POINT('',(-4.32669255886382,1.89344704408832,-3.29394276757241));
#77=CARTESIAN_POINT('',(-4.269516724104,1.48029736616688E-16,-4.66383136759784));
#78=CARTESIAN_POINT('',(-4.269516724104,1.23991045815103,-4.66383136759784));
#79=CARTESIAN_POINT('',(-4.2922669411338,2.38637387221373,-4.11875383461318));
#80=CARTESIAN_POINT('',(-0.982723173838738,0.,-4.42142404357437));
#81=CARTESIAN_POINT('',(-0.982723173838738,1.22801092949806,-4.42142404357437));
#82=CARTESIAN_POINT('',(-0.982723173838736,2.34051092949806,-3.9229295083234));
#83=CARTESIAN_POINT('',(-4.35386670313548,2.54508528306624,-2.64287137334491));
#84=CARTESIAN_POINT('',(-4.38104084740713,3.19672352204416,-1.9917999791174));
#85=CARTESIAN_POINT('',(-4.41857199334304,3.6,-1.09258286791192));
#86=CARTESIAN_POINT('',(-4.46,3.6,-0.1));
#87=CARTESIAN_POINT('',(-4.32729077919663,3.18237814872546,-3.27960987295597));
#88=CARTESIAN_POINT('',(-4.36231461725946,3.97838242523719,-2.44046591129875));
#89=CARTESIAN_POINT('',(-4.40961207635532,4.42392756419795,-1.30725552096899));
#90=CARTESIAN_POINT('',(-4.46,4.40402244371659,-0.1));
#91=CARTESIAN_POINT('',(-0.982723173838736,3.14600819712355,-3.11743224069792));
#92=CARTESIAN_POINT('',(-0.982723173838736,3.95150546474903,-2.31193497307244));
#93=CARTESIAN_POINT('',(-0.982723173838737,4.45,-1.19943497307244));
#94=CARTESIAN_POINT('',(-0.982723173838738,4.45,0.0285759564256259));
#95=CARTESIAN_POINT('',(0.53898671966922,0.,-4.42142404357437));
#96=CARTESIAN_POINT('',(0.53898671966922,1.22801092949806,-4.42142404357437));
#97=CARTESIAN_POINT('',(0.53898671966922,2.34051092949806,-3.9229295083234));
#98=CARTESIAN_POINT('',(6.39522060410517,0.,-4.42142404357437));
#99=CARTESIAN_POINT('',(6.39522060410517,1.22801092949806,-4.42142404357437));
#100=CARTESIAN_POINT('',(6.12143627642357,2.34051092949806,-3.9229295083234));
#101=CARTESIAN_POINT('',(8.04236974532494,-7.2280144832367E-20,-3.51223650586374));
#102=CARTESIAN_POINT('',(8.04236974532494,0.977101811651758,-3.51223650586374));
#103=CARTESIAN_POINT('',(8.04236974532494,1.86231402995,-3.11559339884318));
#104=CARTESIAN_POINT('',(8.04898671966922,0.,-3.51142404357437));
#105=CARTESIAN_POINT('',(8.04898671966922,0.976889593353514,-3.51142404357437));
#106=CARTESIAN_POINT('',(8.04898671966922,1.86188959335351,-3.11486884025113));
#107=CARTESIAN_POINT('',(0.53898671966922,3.14600819712355,-3.11743224069792));
#108=CARTESIAN_POINT('',(0.53898671966922,3.95150546474903,-2.31193497307244));
#109=CARTESIAN_POINT('',(0.53898671966922,4.45,-1.19943497307244));
#110=CARTESIAN_POINT('',(0.53898671966922,4.45,0.0285759564256259));
#111=CARTESIAN_POINT('',(5.80202122746171,3.14600819712355,-3.11743224069792));
#112=CARTESIAN_POINT('',(5.48260617849984,3.95150546474903,-2.31193497307244));
#113=CARTESIAN_POINT('',(5.11756040825772,4.45,-1.19943497307244));
#114=CARTESIAN_POINT('',(4.93503752313666,4.45,0.0285759564256259));
#115=CARTESIAN_POINT('',(8.04236974532494,2.50324169260941,-2.47466573618378));
#116=CARTESIAN_POINT('',(8.04236974532494,3.14416935526881,-1.83373807352438));
#117=CARTESIAN_POINT('',(8.04236974532494,3.54081246228937,-0.948525855226133));
#118=CARTESIAN_POINT('',(8.04236974532494,3.54081246228937,0.0285759564256259));
#119=CARTESIAN_POINT('',(8.04898671966922,2.50266719501514,-2.47409123858951));
#120=CARTESIAN_POINT('',(8.04898671966922,3.14344479667676,-1.83331363692789));
#121=CARTESIAN_POINT('',(8.04898671966922,3.54,-0.948313636927888));
#122=CARTESIAN_POINT('',(8.04898671966922,3.54,0.0285759564256259));
#123=B_SPLINE_SURFACE_WITH_KNOTS('Surf_XLGCQWJLRK, Duct, 0, 1',3,3,((#124, #125, #126, #133, #134, #135, #136),(#127, #128, #129, #137, #138, #139, #140),(#130, #131, #132, #141, #142, #143, #144),(#145, #146, #147, #154, #155, #156, #157),(#148, #149, #150, #158, #159, #160, #161),(#151, #152, #153, #162, #163, #164, #165),(#166, #167, #168, #178, #179, #180, #181),(#169, #170, #171, #182, #183, #184, #185),(#172, #173, #174, #186, #187, #188, #189),(#175, #176, #177, #190, #191, #192, #193)),.UNSPECIFIED.,.F.,.F.,.F.,(4,3,3,4),(4,3,4),(0.,1.,2.,3.),(0.,1.,2.),.PIECEWISE_BEZIER_KNOTS.);
#124=CARTESIAN_POINT('',(0.,-3.375,1.45968590033835E-47));
#125=CARTESIAN_POINT('',(0.,-3.375,-0.931356603832799));
#126=CARTESIAN_POINT('',(5.9211894646675E-16,-2.9969283019164,-1.7751066038328));
#127=CARTESIAN_POINT('',(-3.16397720906992,-3.375,-1.05181454029468E-31));
#128=CARTESIAN_POINT('',(-3.16397720906992,-3.375,-0.9313566038328));
#129=CARTESIAN_POINT('',(-3.16397720906992,-2.9969283019164,-1.7751066038328));
#130=CARTESIAN_POINT('',(-4.46,-3.00442781946919,-0.1));
#131=CARTESIAN_POINT('',(-4.42505928366837,-3.00442781946919,-0.937152429527101));
#132=CARTESIAN_POINT('',(-4.39401542805781,-2.66558878971588,-1.68093910234777));
#133=CARTESIAN_POINT('',(5.9211894646675E-16,-2.3860174528746,-2.3860174528746));
#134=CARTESIAN_POINT('',(5.9211894646675E-16,-1.7751066038328,-2.9969283019164));
#135=CARTESIAN_POINT('',(0.,-0.9313566038328,-3.375));
#136=CARTESIAN_POINT('',(0.,0.,-3.375));
#137=CARTESIAN_POINT('',(-3.16397720906992,-2.3860174528746,-2.3860174528746));
#138=CARTESIAN_POINT('',(-3.16397720906992,-1.7751066038328,-2.9969283019164));
#139=CARTESIAN_POINT('',(-3.16397720906992,-0.9313566038328,-3.375));
#140=CARTESIAN_POINT('',(-3.16397720906992,-6.57384087684176E-31,-3.375));
#141=CARTESIAN_POINT('',(-4.37142849076672,-2.12395215552685,-2.22210457959057));
#142=CARTESIAN_POINT('',(-4.34884155347564,-1.58231552133782,-2.76327005683337));
#143=CARTESIAN_POINT('',(-4.33471153450403,-0.837881282713067,-3.10181433849831));
#144=CARTESIAN_POINT('',(-4.33471153450403,1.85037170770859E-16,-3.10181433849831));
#145=CARTESIAN_POINT('',(-4.46,-3.6,-0.1));
#146=CARTESIAN_POINT('',(-4.41857199334304,-3.6,-1.09258286791192));
#147=CARTESIAN_POINT('',(-4.38104084740713,-3.19672352204416,-1.9917999791174));
#148=CARTESIAN_POINT('',(-4.46,-4.40402244371659,-0.1));
#149=CARTESIAN_POINT('',(-4.40961207635532,-4.42392756419795,-1.30725552096899));
#150=CARTESIAN_POINT('',(-4.36231461725946,-3.97838242523719,-2.44046591129875));
#151=CARTESIAN_POINT('',(-0.982723173838738,-4.45,0.0285759564256259));
#152=CARTESIAN_POINT('',(-0.982723173838737,-4.45,-1.19943497307244));
#153=CARTESIAN_POINT('',(-0.982723173838736,-3.95150546474903,-2.31193497307244));
#154=CARTESIAN_POINT('',(-4.35386670313548,-2.54508528306624,-2.64287137334491));
#155=CARTESIAN_POINT('',(-4.32669255886382,-1.89344704408832,-3.29394276757242));
#156=CARTESIAN_POINT('',(-4.3098754162564,-0.99344704408832,-3.69686844482194));
#157=CARTESIAN_POINT('',(-4.3098754162564,0.,-3.69686844482194));
#158=CARTESIAN_POINT('',(-4.32729077919663,-3.18237814872546,-3.27960987295597));
#159=CARTESIAN_POINT('',(-4.2922669411338,-2.38637387221373,-4.11875383461318));
#160=CARTESIAN_POINT('',(-4.269516724104,-1.23991045815103,-4.66383136759784));
#161=CARTESIAN_POINT('',(-4.269516724104,1.48029736616688E-16,-4.66383136759784));
#162=CARTESIAN_POINT('',(-0.982723173838737,-3.14600819712355,-3.11743224069792));
#163=CARTESIAN_POINT('',(-0.982723173838737,-2.34051092949806,-3.9229295083234));
#164=CARTESIAN_POINT('',(-0.982723173838738,-1.22801092949806,-4.42142404357437));
#165=CARTESIAN_POINT('',(-0.982723173838738,0.,-4.42142404357437));
#166=CARTESIAN_POINT('',(0.53898671966922,-4.45,0.0285759564256259));
#167=CARTESIAN_POINT('',(0.53898671966922,-4.45,-1.19943497307244));
#168=CARTESIAN_POINT('',(0.53898671966922,-3.95150546474903,-2.31193497307244));
#169=CARTESIAN_POINT('',(4.93503752313666,-4.45,0.0285759564256259));
#170=CARTESIAN_POINT('',(5.11756040825772,-4.45,-1.19943497307244));
#171=CARTESIAN_POINT('',(5.48260617849985,-3.95150546474903,-2.31193497307244));
#172=CARTESIAN_POINT('',(8.04236974532494,-3.54081246228937,0.0285759564256259));
#173=CARTESIAN_POINT('',(8.04236974532494,-3.54081246228937,-0.948525855226133));
#174=CARTESIAN_POINT('',(8.04236974532494,-3.14416935526881,-1.83373807352438));
#175=CARTESIAN_POINT('',(8.04898671966922,-3.54,0.0285759564256259));
#176=CARTESIAN_POINT('',(8.04898671966922,-3.54,-0.948313636927888));
#177=CARTESIAN_POINT('',(8.04898671966922,-3.14344479667676,-1.83331363692789));
#178=CARTESIAN_POINT('',(0.53898671966922,-3.14600819712355,-3.11743224069792));
#179=CARTESIAN_POINT('',(0.53898671966922,-2.34051092949806,-3.9229295083234));
#180=CARTESIAN_POINT('',(0.53898671966922,-1.22801092949806,-4.42142404357437));
#181=CARTESIAN_POINT('',(0.53898671966922,0.,-4.42142404357437));
#182=CARTESIAN_POINT('',(5.80202122746171,-3.14600819712355,-3.11743224069792));
#183=CARTESIAN_POINT('',(6.12143627642357,-2.34051092949806,-3.9229295083234));
#184=CARTESIAN_POINT('',(6.39522060410517,-1.22801092949806,-4.42142404357437));
#185=CARTESIAN_POINT('',(6.39522060410517,0.,-4.42142404357437));
#186=CARTESIAN_POINT('',(8.04236974532494,-2.50324169260941,-2.47466573618378));
#187=CARTESIAN_POINT('',(8.04236974532494,-1.86231402995,-3.11559339884318));
#188=CARTESIAN_POINT('',(8.04236974532494,-0.977101811651759,-3.51223650586374));
#189=CARTESIAN_POINT('',(8.04236974532494,-7.2280144832367E-20,-3.51223650586374));
#190=CARTESIAN_POINT('',(8.04898671966922,-2.50266719501514,-2.47409123858951));
#191=CARTESIAN_POINT('',(8.04898671966922,-1.86188959335351,-3.11486884025113));
#192=CARTESIAN_POINT('',(8.04898671966922,-0.976889593353514,-3.51142404357437));
#193=CARTESIAN_POINT('',(8.04898671966922,0.,-3.51142404357437));
#194=B_SPLINE_SURFACE_WITH_KNOTS('Surf_XLGCQWJLRK, Duct, 0, 2',3,3,((#195, #196, #197, #204, #205, #206, #207),(#198, #199, #200, #208, #209, #210, #211),(#201, #202, #203, #212, #213, #214, #215),(#216, #217, #218, #225, #226, #227, #228),(#219, #220, #221, #229, #230, #231, #232),(#222, #223, #224, #233, #234, #235, #236),(#237, #238, #239, #249, #250, #251, #252),(#240, #241, #242, #253, #254, #255, #256),(#243, #244, #245, #257, #258, #259, #260),(#246, #247, #248, #261, #262, #263, #264)),.UNSPECIFIED.,.F.,.F.,.F.,(4,3,3,4),(4,3,4),(0.,1.,2.,3.),(0.,1.,2.),.PIECEWISE_BEZIER_KNOTS.);
#195=CARTESIAN_POINT('',(0.,0.,3.375));
#196=CARTESIAN_POINT('',(0.,-0.931356603832799,3.375));
#197=CARTESIAN_POINT('',(0.,-1.7751066038328,2.9969283019164));
#198=CARTESIAN_POINT('',(-3.16397720906992,-2.64211786437659E-31,3.375));
#199=CARTESIAN_POINT('',(-3.16397720906992,-0.9313566038328,3.375));
#200=CARTESIAN_POINT('',(-3.16397720906992,-1.7751066038328,2.9969283019164));
#201=CARTESIAN_POINT('',(-4.58528846549598,2.77644290687758E-16,2.90181433849831));
#202=CARTESIAN_POINT('',(-4.58528846549598,-0.837881282713066,2.90181433849831));
#203=CARTESIAN_POINT('',(-4.57115844652436,-1.58231552133781,2.56327005683337));
#204=CARTESIAN_POINT('',(0.,-2.3860174528746,2.3860174528746));
#205=CARTESIAN_POINT('',(5.9211894646675E-16,-2.9969283019164,1.7751066038328));
#206=CARTESIAN_POINT('',(0.,-3.375,0.931356603832799));
#207=CARTESIAN_POINT('',(0.,-3.375,1.45968590033835E-47));
#208=CARTESIAN_POINT('',(-3.16397720906992,-2.3860174528746,2.3860174528746));
#209=CARTESIAN_POINT('',(-3.16397720906992,-2.9969283019164,1.7751066038328));
#210=CARTESIAN_POINT('',(-3.16397720906992,-3.375,0.9313566038328));
#211=CARTESIAN_POINT('',(-3.16397720906992,-3.375,-1.05181454029468E-31));
#212=CARTESIAN_POINT('',(-4.54857150923328,-2.12395215552685,2.02210457959057));
#213=CARTESIAN_POINT('',(-4.52598457194219,-2.66558878971588,1.48093910234777));
#214=CARTESIAN_POINT('',(-4.49494071633163,-3.00442781946919,0.737152429527101));
#215=CARTESIAN_POINT('',(-4.46,-3.00442781946919,-0.1));
#216=CARTESIAN_POINT('',(-4.6101245837436,0.,3.49686844482194));
#217=CARTESIAN_POINT('',(-4.6101245837436,-0.993447044088319,3.49686844482194));
#218=CARTESIAN_POINT('',(-4.59330744113618,-1.89344704408832,3.09394276757241));
#219=CARTESIAN_POINT('',(-4.6436533433779,-1.03125022255453E-15,4.30019148835884));
#220=CARTESIAN_POINT('',(-4.6436533433779,-1.20010021718832,4.30019148835884));
#221=CARTESIAN_POINT('',(-4.62270530026265,-2.30675339028832,3.79829264285925));
#222=CARTESIAN_POINT('',(-0.982723173838735,0.,4.47857595642563));
#223=CARTESIAN_POINT('',(-0.982723173838736,-1.22801092949806,4.47857595642563));
#224=CARTESIAN_POINT('',(-0.982723173838738,-2.34051092949806,3.98008142117466));
#225=CARTESIAN_POINT('',(-4.56613329686452,-2.54508528306624,2.44287137334491));
#226=CARTESIAN_POINT('',(-4.53895915259287,-3.19672352204416,1.7917999791174));
#227=CARTESIAN_POINT('',(-4.50142800665696,-3.6,0.892582867911919));
#228=CARTESIAN_POINT('',(-4.46,-3.6,-0.1));
#229=CARTESIAN_POINT('',(-4.58938894532934,-3.10275766680005,3.00005865101179));
#230=CARTESIAN_POINT('',(-4.55607259039604,-3.89876194331178,2.20182465916432));
#231=CARTESIAN_POINT('',(-4.51038792364468,-4.38411732323524,1.10725552096899));
#232=CARTESIAN_POINT('',(-4.46,-4.40402244371659,-0.1));
#233=CARTESIAN_POINT('',(-0.982723173838738,-3.14600819712355,3.17458415354917));
#234=CARTESIAN_POINT('',(-0.982723173838739,-3.95150546474903,2.36908688592369));
#235=CARTESIAN_POINT('',(-0.982723173838738,-4.45,1.25658688592369));
#236=CARTESIAN_POINT('',(-0.982723173838738,-4.45,0.0285759564256259));
#237=CARTESIAN_POINT('',(0.53898671966922,0.,4.47857595642563));
#238=CARTESIAN_POINT('',(0.53898671966922,-1.22801092949806,4.47857595642563));
#239=CARTESIAN_POINT('',(0.53898671966922,-2.34051092949806,3.98008142117466));
#240=CARTESIAN_POINT('',(4.93503752313665,0.,4.47857595642563));
#241=CARTESIAN_POINT('',(4.93503752313665,-1.22801092949806,4.47857595642563));
#242=CARTESIAN_POINT('',(4.84377608057612,-2.34051092949806,3.98008142117466));
#243=CARTESIAN_POINT('',(8.04236974532494,-7.74677150356469E-19,3.56938841871499));
#244=CARTESIAN_POINT('',(8.04236974532494,-0.977101811651759,3.56938841871499));
#245=CARTESIAN_POINT('',(8.04236974532494,-1.86231402995,3.17274531169443));
#246=CARTESIAN_POINT('',(8.04898671966922,0.,3.56857595642563));
#247=CARTESIAN_POINT('',(8.04898671966922,-0.976889593353514,3.56857595642563));
#248=CARTESIAN_POINT('',(8.04898671966922,-1.86188959335351,3.17202075310238));
#249=CARTESIAN_POINT('',(0.53898671966922,-3.14600819712355,3.17458415354917));
#250=CARTESIAN_POINT('',(0.53898671966922,-3.95150546474903,2.36908688592369));
#251=CARTESIAN_POINT('',(0.53898671966922,-4.45,1.25658688592369));
#252=CARTESIAN_POINT('',(0.53898671966922,-4.45,0.0285759564256259));
#253=CARTESIAN_POINT('',(4.79814535929586,-3.14600819712355,3.17458415354917));
#254=CARTESIAN_POINT('',(4.75251463801559,-3.95150546474903,2.36908688592369));
#255=CARTESIAN_POINT('',(4.75251463801559,-4.45,1.25658688592369));
#256=CARTESIAN_POINT('',(4.93503752313666,-4.45,0.0285759564256259));
#257=CARTESIAN_POINT('',(8.04236974532494,-2.50324169260941,2.53181764903503));
#258=CARTESIAN_POINT('',(8.04236974532494,-3.14416935526881,1.89088998637563));
#259=CARTESIAN_POINT('',(8.04236974532494,-3.54081246228937,1.00567776807738));
#260=CARTESIAN_POINT('',(8.04236974532494,-3.54081246228937,0.0285759564256259));
#261=CARTESIAN_POINT('',(8.04898671966922,-2.50266719501514,2.53124315144076));
#262=CARTESIAN_POINT('',(8.04898671966922,-3.14344479667676,1.89046554977914));
#263=CARTESIAN_POINT('',(8.04898671966922,-3.54,1.00546554977914));
#264=CARTESIAN_POINT('',(8.04898671966922,-3.54,0.0285759564256259));
#265=B_SPLINE_SURFACE_WITH_KNOTS('Surf_XLGCQWJLRK, Duct, 0, 3',3,3,((#266, #267, #268, #275, #276, #277, #278),(#269, #270, #271, #279, #280, #281, #282),(#272, #273, #274, #283, #284, #285, #286),(#287, #288, #289, #296, #297, #298, #299),(#290, #291, #292, #300, #301, #302, #303),(#293, #294, #295, #304, #305, #306, #307),(#308, #309, #310, #320, #321, #322, #323),(#311, #312, #313, #324, #325, #326, #327),(#314, #315, #316, #328, #329, #330, #331),(#317, #318, #319, #332, #333, #334, #335)),.UNSPECIFIED.,.F.,.F.,.F.,(4,3,3,4),(4,3,4),(0.,1.,2.,3.),(0.,1.,2.),.PIECEWISE_BEZIER_KNOTS.);
#266=CARTESIAN_POINT('',(0.,3.375,0.));
#267=CARTESIAN_POINT('',(0.,3.375,0.931356603832799));
#268=CARTESIAN_POINT('',(0.,2.9969283019164,1.7751066038328));
#269=CARTESIAN_POINT('',(-3.16397720906992,3.375,0.));
#270=CARTESIAN_POINT('',(-3.16397720906992,3.375,0.9313566038328));
#271=CARTESIAN_POINT('',(-3.16397720906992,2.9969283019164,1.7751066038328));
#272=CARTESIAN_POINT('',(-4.46,3.00442781946919,-0.1));
#273=CARTESIAN_POINT('',(-4.49494071633163,3.00442781946919,0.737152429527101));
#274=CARTESIAN_POINT('',(-4.52598457194219,2.66558878971588,1.48093910234777));
#275=CARTESIAN_POINT('',(0.,2.3860174528746,2.3860174528746));
#276=CARTESIAN_POINT('',(5.9211894646675E-16,1.7751066038328,2.9969283019164));
#277=CARTESIAN_POINT('',(0.,0.9313566038328,3.375));
#278=CARTESIAN_POINT('',(0.,0.,3.375));
#279=CARTESIAN_POINT('',(-3.16397720906992,2.3860174528746,2.3860174528746));
#280=CARTESIAN_POINT('',(-3.16397720906992,1.7751066038328,2.9969283019164));
#281=CARTESIAN_POINT('',(-3.16397720906992,0.9313566038328,3.375));
#282=CARTESIAN_POINT('',(-3.16397720906992,-2.64211786437659E-31,3.375));
#283=CARTESIAN_POINT('',(-4.54857150923328,2.12395215552685,2.02210457959057));
#284=CARTESIAN_POINT('',(-4.57115844652436,1.58231552133781,2.56327005683337));
#285=CARTESIAN_POINT('',(-4.58528846549598,0.837881282713067,2.90181433849831));
#286=CARTESIAN_POINT('',(-4.58528846549598,2.77644290687758E-16,2.90181433849831));
#287=CARTESIAN_POINT('',(-4.46,3.6,-0.1));
#288=CARTESIAN_POINT('',(-4.50142800665696,3.6,0.892582867911919));
#289=CARTESIAN_POINT('',(-4.53895915259287,3.19672352204416,1.7917999791174));
#290=CARTESIAN_POINT('',(-4.46,4.40402244371659,-0.1));
#291=CARTESIAN_POINT('',(-4.51038792364468,4.38411732323524,1.10725552096899));
#292=CARTESIAN_POINT('',(-4.55607259039604,3.89876194331177,2.20182465916432));
#293=CARTESIAN_POINT('',(-0.982723173838737,4.45,0.0285759564256259));
#294=CARTESIAN_POINT('',(-0.982723173838738,4.45,1.25658688592369));
#295=CARTESIAN_POINT('',(-0.982723173838738,3.95150546474903,2.36908688592369));
#296=CARTESIAN_POINT('',(-4.56613329686452,2.54508528306624,2.44287137334491));
#297=CARTESIAN_POINT('',(-4.59330744113618,1.89344704408832,3.09394276757241));
#298=CARTESIAN_POINT('',(-4.6101245837436,0.993447044088319,3.49686844482194));
#299=CARTESIAN_POINT('',(-4.6101245837436,0.,3.49686844482194));
#300=CARTESIAN_POINT('',(-4.58938894532934,3.10275766680004,3.00005865101179));
#301=CARTESIAN_POINT('',(-4.62270530026265,2.30675339028831,3.79829264285925));
#302=CARTESIAN_POINT('',(-4.6436533433779,1.20010021718832,4.30019148835884));
#303=CARTESIAN_POINT('',(-4.6436533433779,-1.03125022255453E-15,4.30019148835884));
#304=CARTESIAN_POINT('',(-0.982723173838737,3.14600819712355,3.17458415354917));
#305=CARTESIAN_POINT('',(-0.982723173838736,2.34051092949806,3.98008142117466));
#306=CARTESIAN_POINT('',(-0.982723173838735,1.22801092949806,4.47857595642563));
#307=CARTESIAN_POINT('',(-0.982723173838735,0.,4.47857595642563));
#308=CARTESIAN_POINT('',(0.53898671966922,4.45,0.0285759564256259));
#309=CARTESIAN_POINT('',(0.53898671966922,4.45,1.25658688592369));
#310=CARTESIAN_POINT('',(0.53898671966922,3.95150546474903,2.36908688592369));
#311=CARTESIAN_POINT('',(4.93503752313665,4.45,0.0285759564256259));
#312=CARTESIAN_POINT('',(4.75251463801559,4.45,1.25658688592369));
#313=CARTESIAN_POINT('',(4.75251463801559,3.95150546474903,2.36908688592369));
#314=CARTESIAN_POINT('',(8.04236974532494,3.54081246228937,0.0285759564256259));
#315=CARTESIAN_POINT('',(8.04236974532494,3.54081246228937,1.00567776807738));
#316=CARTESIAN_POINT('',(8.04236974532494,3.14416935526881,1.89088998637563));
#317=CARTESIAN_POINT('',(8.04898671966922,3.54,0.0285759564256259));
#318=CARTESIAN_POINT('',(8.04898671966922,3.54,1.00546554977914));
#319=CARTESIAN_POINT('',(8.04898671966922,3.14344479667676,1.89046554977914));
#320=CARTESIAN_POINT('',(0.538986719669221,3.14600819712355,3.17458415354917));
#321=CARTESIAN_POINT('',(0.53898671966922,2.34051092949806,3.98008142117466));
#322=CARTESIAN_POINT('',(0.53898671966922,1.22801092949806,4.47857595642563));
#323=CARTESIAN_POINT('',(0.53898671966922,0.,4.47857595642563));
#324=CARTESIAN_POINT('',(4.79814535929586,3.14600819712355,3.17458415354917));
#325=CARTESIAN_POINT('',(4.84377608057612,2.34051092949806,3.98008142117466));
#326=CARTESIAN_POINT('',(4.93503752313665,1.22801092949806,4.47857595642563));
#327=CARTESIAN_POINT('',(4.93503752313665,0.,4.47857595642563));
#328=CARTESIAN_POINT('',(8.04236974532494,2.50324169260941,2.53181764903503));
#329=CARTESIAN_POINT('',(8.04236974532494,1.86231402995,3.17274531169443));
#330=CARTESIAN_POINT('',(8.04236974532494,0.977101811651759,3.56938841871499));
#331=CARTESIAN_POINT('',(8.04236974532494,-7.74677150356469E-19,3.56938841871499));
#332=CARTESIAN_POINT('',(8.04898671966922,2.50266719501514,2.53124315144076));
#333=CARTESIAN_POINT('',(8.04898671966922,1.86188959335351,3.17202075310238));
#334=CARTESIAN_POINT('',(8.04898671966922,0.976889593353515,3.56857595642563));
#335=CARTESIAN_POINT('',(8.04898671966922,0.,3.56857595642563));
#336=B_SPLINE_SURFACE_WITH_KNOTS('Surf_XLGCQWJLRK, Duct, 0, 4',1,3,((#337, #338, #339, #343, #344, #345, #346),(#340, #341, #342, #347, #348, #349, #350)),.UNSPECIFIED.,.F.,.F.,.F.,(2,2),(4,3,4),(0.,1.),(0.,1.,2.),.PIECEWISE_BEZIER_KNOTS.);
#337=CARTESIAN_POINT('',(8.04898671966922,0.,-3.51142404357437));
#338=CARTESIAN_POINT('',(8.04898671966922,0.976889593353514,-3.51142404357437));
#339=CARTESIAN_POINT('',(8.04898671966922,1.86188959335351,-3.11486884025113));
#340=CARTESIAN_POINT('',(8.04898671966922,0.,-3.49142404357437));
#341=CARTESIAN_POINT('',(8.04898671966922,0.971370443108579,-3.49142404357437));
#342=CARTESIAN_POINT('',(8.04898671966922,1.85137044310858,-3.09710926512866));
#343=CARTESIAN_POINT('',(8.04898671966922,2.50266719501514,-2.47409123858951));
#344=CARTESIAN_POINT('',(8.04898671966922,3.14344479667676,-1.83331363692789));
#345=CARTESIAN_POINT('',(8.04898671966922,3.54,-0.948313636927888));
#346=CARTESIAN_POINT('',(8.04898671966922,3.54,0.0285759564256259));
#347=CARTESIAN_POINT('',(8.04898671966922,2.48852783233143,-2.45995187590581));
#348=CARTESIAN_POINT('',(8.04898671966922,3.12568522155429,-1.82279448668295));
#349=CARTESIAN_POINT('',(8.04898671966922,3.52,-0.942794486682953));
#350=CARTESIAN_POINT('',(8.04898671966922,3.52,0.0285759564256259));
#351=B_SPLINE_SURFACE_WITH_KNOTS('Surf_XLGCQWJLRK, Duct, 0, 5',1,3,((#352, #353, #354, #358, #359, #360, #361),(#355, #356, #357, #362, #363, #364, #365)),.UNSPECIFIED.,.F.,.F.,.F.,(2,2),(4,3,4),(0.,1.),(0.,1.,2.),.PIECEWISE_BEZIER_KNOTS.);
#352=CARTESIAN_POINT('',(8.04898671966922,-3.54,0.0285759564256259));
#353=CARTESIAN_POINT('',(8.04898671966922,-3.54,-0.948313636927888));
#354=CARTESIAN_POINT('',(8.04898671966922,-3.14344479667676,-1.83331363692789));
#355=CARTESIAN_POINT('',(8.04898671966922,-3.52,0.0285759564256259));
#356=CARTESIAN_POINT('',(8.04898671966922,-3.52,-0.942794486682953));
#357=CARTESIAN_POINT('',(8.04898671966922,-3.12568522155429,-1.82279448668295));
#358=CARTESIAN_POINT('',(8.04898671966922,-2.50266719501514,-2.47409123858951));
#359=CARTESIAN_POINT('',(8.04898671966922,-1.86188959335351,-3.11486884025113));
#360=CARTESIAN_POINT('',(8.04898671966922,-0.976889593353514,-3.51142404357437));
#361=CARTESIAN_POINT('',(8.04898671966922,0.,-3.51142404357437));
#362=CARTESIAN_POINT('',(8.04898671966922,-2.48852783233143,-2.45995187590581));
#363=CARTESIAN_POINT('',(8.04898671966922,-1.85137044310858,-3.09710926512866));
#364=CARTESIAN_POINT('',(8.04898671966922,-0.971370443108579,-3.49142404357437));
#365=CARTESIAN_POINT('',(8.04898671966922,0.,-3.49142404357437));
#366=B_SPLINE_SURFACE_WITH_KNOTS('Surf_XLGCQWJLRK, Duct, 0, 6',1,3,((#367, #368, #369, #373, #374, #375, #376),(#370, #371, #372, #377, #378, #379, #380)),.UNSPECIFIED.,.F.,.F.,.F.,(2,2),(4,3,4),(0.,1.),(0.,1.,2.),.PIECEWISE_BEZIER_KNOTS.);
#367=CARTESIAN_POINT('',(8.04898671966922,0.,3.56857595642563));
#368=CARTESIAN_POINT('',(8.04898671966922,-0.976889593353514,3.56857595642563));
#369=CARTESIAN_POINT('',(8.04898671966922,-1.86188959335351,3.17202075310238));
#370=CARTESIAN_POINT('',(8.04898671966922,0.,3.54857595642563));
#371=CARTESIAN_POINT('',(8.04898671966922,-0.971370443108579,3.54857595642563));
#372=CARTESIAN_POINT('',(8.04898671966922,-1.85137044310858,3.15426117797991));
#373=CARTESIAN_POINT('',(8.04898671966922,-2.50266719501514,2.53124315144076));
#374=CARTESIAN_POINT('',(8.04898671966922,-3.14344479667676,1.89046554977914));
#375=CARTESIAN_POINT('',(8.04898671966922,-3.54,1.00546554977914));
#376=CARTESIAN_POINT('',(8.04898671966922,-3.54,0.0285759564256259));
#377=CARTESIAN_POINT('',(8.04898671966922,-2.48852783233143,2.51710378875706));
#378=CARTESIAN_POINT('',(8.04898671966922,-3.12568522155429,1.8799463995342));
#379=CARTESIAN_POINT('',(8.04898671966922,-3.52,0.999946399534205));
#380=CARTESIAN_POINT('',(8.04898671966922,-3.52,0.0285759564256259));
#381=B_SPLINE_SURFACE_WITH_KNOTS('Surf_XLGCQWJLRK, Duct, 0, 7',1,3,((#382, #383, #384, #388, #389, #390, #391),(#385, #386, #387, #392, #393, #394, #395)),.UNSPECIFIED.,.F.,.F.,.F.,(2,2),(4,3,4),(0.,1.),(0.,1.,2.),.PIECEWISE_BEZIER_KNOTS.);
#382=CARTESIAN_POINT('',(8.04898671966922,3.54,0.0285759564256259));
#383=CARTESIAN_POINT('',(8.04898671966922,3.54,1.00546554977914));
#384=CARTESIAN_POINT('',(8.04898671966922,3.14344479667676,1.89046554977914));
#385=CARTESIAN_POINT('',(8.04898671966922,3.52,0.0285759564256259));
#386=CARTESIAN_POINT('',(8.04898671966922,3.52,0.999946399534205));
#387=CARTESIAN_POINT('',(8.04898671966922,3.12568522155429,1.8799463995342));
#388=CARTESIAN_POINT('',(8.04898671966922,2.50266719501514,2.53124315144076));
#389=CARTESIAN_POINT('',(8.04898671966922,1.86188959335351,3.17202075310238));
#390=CARTESIAN_POINT('',(8.04898671966922,0.976889593353515,3.56857595642563));
#391=CARTESIAN_POINT('',(8.04898671966922,0.,3.56857595642563));
#392=CARTESIAN_POINT('',(8.04898671966922,2.48852783233143,2.51710378875706));
#393=CARTESIAN_POINT('',(8.04898671966922,1.85137044310858,3.15426117797991));
#394=CARTESIAN_POINT('',(8.04898671966922,0.971370443108579,3.54857595642563));
#395=CARTESIAN_POINT('',(8.04898671966922,0.,3.54857595642563));
#396=B_SPLINE_SURFACE_WITH_KNOTS('Surf_XLGCQWJLRK, Duct, 0, 8',3,3,((#397, #398, #399, #406, #407, #408, #409),(#400, #401, #402, #410, #411, #412, #413),(#403, #404, #405, #414, #415, #416, #417),(#418, #419, #420, #430, #431, #432, #433),(#421, #422, #423, #434, #435, #436, #437),(#424, #425, #426, #438, #439, #440, #441),(#427, #428, #429, #442, #443, #444, #445)),.UNSPECIFIED.,.F.,.F.,.F.,(4,3,4),(4,3,4),(0.,1.,2.),(0.,1.,2.),.PIECEWISE_BEZIER_KNOTS.);
#397=CARTESIAN_POINT('',(8.04898671966922,0.,-3.49142404357437));
#398=CARTESIAN_POINT('',(8.04898671966922,0.971370443108579,-3.49142404357437));
#399=CARTESIAN_POINT('',(8.04898671966922,1.85137044310858,-3.09710926512866));
#400=CARTESIAN_POINT('',(7.99898671966922,0.,-3.49142404357437));
#401=CARTESIAN_POINT('',(7.99898671966922,0.971370443108579,-3.49142404357437));
#402=CARTESIAN_POINT('',(7.99898671966922,1.85137044310858,-3.09710926512866));
#403=CARTESIAN_POINT('',(7.51691423335793,-1.11022302462516E-16,-4.07317446981866));
#404=CARTESIAN_POINT('',(7.51691423335793,1.11482763711224,-4.07317446981866));
#405=CARTESIAN_POINT('',(7.50087019580792,2.13620823013617,-3.56093840320076));
#406=CARTESIAN_POINT('',(8.04898671966922,2.48852783233143,-2.45995187590581));
#407=CARTESIAN_POINT('',(8.04898671966922,3.12568522155429,-1.82279448668295));
#408=CARTESIAN_POINT('',(8.04898671966922,3.52,-0.942794486682953));
#409=CARTESIAN_POINT('',(8.04898671966922,3.52,0.0285759564256259));
#410=CARTESIAN_POINT('',(7.99898671966922,2.48852783233143,-2.45995187590581));
#411=CARTESIAN_POINT('',(7.99898671966922,3.12568522155429,-1.82279448668295));
#412=CARTESIAN_POINT('',(7.99898671966922,3.52,-0.942794486682953));
#413=CARTESIAN_POINT('',(7.99898671966922,3.52,0.0285759564256259));
#414=CARTESIAN_POINT('',(7.48016746508571,2.83166164151132,-2.8030856850857));
#415=CARTESIAN_POINT('',(7.45946473436349,3.52711505288648,-2.04523296697064));
#416=CARTESIAN_POINT('',(7.43410331046906,3.89664128261286,-1.04176359735843));
#417=CARTESIAN_POINT('',(7.42130493305312,3.86879301441531,0.0285759564256259));
#418=CARTESIAN_POINT('',(4.34898671966922,0.,-3.57142404357437));
#419=CARTESIAN_POINT('',(4.34898671966922,0.993447044088319,-3.57142404357437));
#420=CARTESIAN_POINT('',(4.34898671966922,1.89344704408832,-3.16814756561853));
#421=CARTESIAN_POINT('',(3.7397698901137,9.25185853854297E-18,-3.47493357698893));
#422=CARTESIAN_POINT('',(3.7397698901137,0.96400019273687,-3.47493357698893));
#423=CARTESIAN_POINT('',(3.62426410947134,1.83455334138542,-3.07253532156621));
#424=CARTESIAN_POINT('',(3.33875429559084,-1.31476817536835E-31,-3.375));
#425=CARTESIAN_POINT('',(3.33875429559084,0.9313566038328,-3.375));
#426=CARTESIAN_POINT('',(3.59732629946132,1.7751066038328,-2.9969283019164));
#427=CARTESIAN_POINT('',(1.77635683940025E-15,0.,-3.375));
#428=CARTESIAN_POINT('',(1.77635683940025E-15,0.931356603832799,-3.375));
#429=CARTESIAN_POINT('',(1.77635683940025E-15,1.7751066038328,-2.9969283019164));
#430=CARTESIAN_POINT('',(4.34898671966922,2.54508528306624,-2.51650932664061));
#431=CARTESIAN_POINT('',(4.34898671966922,3.19672352204416,-1.86487108766269));
#432=CARTESIAN_POINT('',(4.34898671966922,3.6,-0.964871087662693));
#433=CARTESIAN_POINT('',(4.34898671966922,3.6,0.0285759564256259));
#434=CARTESIAN_POINT('',(3.48877222917019,2.46635551426264,-2.43777955783702));
#435=CARTESIAN_POINT('',(3.35328034886903,3.09815768713987,-1.80302379410782));
#436=CARTESIAN_POINT('',(3.19780236890907,3.49120888424577,-0.935910522072157));
#437=CARTESIAN_POINT('',(3.12005943431566,3.49248279423387,0.0285759564256259));
#438=CARTESIAN_POINT('',(3.89899363731022,2.3860174528746,-2.3860174528746));
#439=CARTESIAN_POINT('',(4.20066097515912,2.9969283019164,-1.7751066038328));
#440=CARTESIAN_POINT('',(4.54542364698644,3.375,-0.9313566038328));
#441=CARTESIAN_POINT('',(4.7178049829001,3.375,6.93889390390723E-18));
#442=CARTESIAN_POINT('',(1.77635683940025E-15,2.3860174528746,-2.3860174528746));
#443=CARTESIAN_POINT('',(1.77635683940025E-15,2.9969283019164,-1.7751066038328));
#444=CARTESIAN_POINT('',(1.77635683940025E-15,3.375,-0.931356603832799));
#445=CARTESIAN_POINT('',(1.77635683940025E-15,3.375,6.93889390390723E-18));
#446=B_SPLINE_SURFACE_WITH_KNOTS('Surf_XLGCQWJLRK, Duct, 0, 9',3,3,((#447, #448, #449, #456, #457, #458, #459),(#450, #451, #452, #460, #461, #462, #463),(#453, #454, #455, #464, #465, #466, #467),(#468, #469, #470, #480, #481, #482, #483),(#471, #472, #473, #484, #485, #486, #487),(#474, #475, #476, #488, #489, #490, #491),(#477, #478, #479, #492, #493, #494, #495)),.UNSPECIFIED.,.F.,.F.,.F.,(4,3,4),(4,3,4),(0.,1.,2.),(0.,1.,2.),.PIECEWISE_BEZIER_KNOTS.);
#447=CARTESIAN_POINT('',(8.04898671966922,-3.52,0.0285759564256259));
#448=CARTESIAN_POINT('',(8.04898671966922,-3.52,-0.942794486682953));
#449=CARTESIAN_POINT('',(8.04898671966922,-3.12568522155429,-1.82279448668295));
#450=CARTESIAN_POINT('',(7.99898671966922,-3.52,0.0285759564256259));
#451=CARTESIAN_POINT('',(7.99898671966922,-3.52,-0.942794486682953));
#452=CARTESIAN_POINT('',(7.99898671966922,-3.12568522155429,-1.82279448668295));
#453=CARTESIAN_POINT('',(7.42130493305312,-3.86879301441531,0.0285759564256257));
#454=CARTESIAN_POINT('',(7.43410331046906,-3.89664128261286,-1.04176359735843));
#455=CARTESIAN_POINT('',(7.45946473436349,-3.52711505288648,-2.04523296697064));
#456=CARTESIAN_POINT('',(8.04898671966922,-2.48852783233143,-2.45995187590581));
#457=CARTESIAN_POINT('',(8.04898671966922,-1.85137044310858,-3.09710926512866));
#458=CARTESIAN_POINT('',(8.04898671966922,-0.971370443108579,-3.49142404357437));
#459=CARTESIAN_POINT('',(8.04898671966922,0.,-3.49142404357437));
#460=CARTESIAN_POINT('',(7.99898671966922,-2.48852783233143,-2.45995187590581));
#461=CARTESIAN_POINT('',(7.99898671966922,-1.85137044310858,-3.09710926512866));
#462=CARTESIAN_POINT('',(7.99898671966922,-0.971370443108579,-3.49142404357437));
#463=CARTESIAN_POINT('',(7.99898671966922,0.,-3.49142404357437));
#464=CARTESIAN_POINT('',(7.48016746508571,-2.83166164151132,-2.80308568508569));
#465=CARTESIAN_POINT('',(7.50087019580792,-2.13620823013617,-3.56093840320075));
#466=CARTESIAN_POINT('',(7.51691423335793,-1.11482763711224,-4.07317446981866));
#467=CARTESIAN_POINT('',(7.51691423335793,-1.11022302462516E-16,-4.07317446981866));
#468=CARTESIAN_POINT('',(4.34898671966922,-3.6,0.0285759564256259));
#469=CARTESIAN_POINT('',(4.34898671966922,-3.6,-0.964871087662693));
#470=CARTESIAN_POINT('',(4.34898671966922,-3.19672352204416,-1.86487108766269));
#471=CARTESIAN_POINT('',(3.12005943431566,-3.49248279423388,0.0285759564256259));
#472=CARTESIAN_POINT('',(3.19780236890907,-3.49120888424577,-0.935910522072158));
#473=CARTESIAN_POINT('',(3.35328034886903,-3.09815768713987,-1.80302379410782));
#474=CARTESIAN_POINT('',(4.7178049829001,-3.375,6.93889390390712E-18));
#475=CARTESIAN_POINT('',(4.54542364698644,-3.375,-0.9313566038328));
#476=CARTESIAN_POINT('',(4.20066097515912,-2.9969283019164,-1.7751066038328));
#477=CARTESIAN_POINT('',(1.77635683940025E-15,-3.375,6.93889390390723E-18));
#478=CARTESIAN_POINT('',(1.77635683940025E-15,-3.375,-0.931356603832799));
#479=CARTESIAN_POINT('',(1.77635683940025E-15,-2.9969283019164,-1.7751066038328));
#480=CARTESIAN_POINT('',(4.34898671966922,-2.54508528306624,-2.51650932664061));
#481=CARTESIAN_POINT('',(4.34898671966922,-1.89344704408832,-3.16814756561853));
#482=CARTESIAN_POINT('',(4.34898671966922,-0.993447044088319,-3.57142404357437));
#483=CARTESIAN_POINT('',(4.34898671966922,0.,-3.57142404357437));
#484=CARTESIAN_POINT('',(3.48877222917018,-2.46635551426265,-2.43777955783702));
#485=CARTESIAN_POINT('',(3.62426410947134,-1.83455334138542,-3.07253532156621));
#486=CARTESIAN_POINT('',(3.7397698901137,-0.96400019273687,-3.47493357698893));
#487=CARTESIAN_POINT('',(3.7397698901137,9.25185853854297E-18,-3.47493357698893));
#488=CARTESIAN_POINT('',(3.89899363731022,-2.3860174528746,-2.3860174528746));
#489=CARTESIAN_POINT('',(3.59732629946132,-1.7751066038328,-2.9969283019164));
#490=CARTESIAN_POINT('',(3.33875429559084,-0.9313566038328,-3.375));
#491=CARTESIAN_POINT('',(3.33875429559084,-1.31476817536835E-31,-3.375));
#492=CARTESIAN_POINT('',(1.77635683940025E-15,-2.3860174528746,-2.3860174528746));
#493=CARTESIAN_POINT('',(1.77635683940025E-15,-1.7751066038328,-2.9969283019164));
#494=CARTESIAN_POINT('',(1.77635683940025E-15,-0.931356603832799,-3.375));
#495=CARTESIAN_POINT('',(1.77635683940025E-15,0.,-3.375));
#496=B_SPLINE_SURFACE_WITH_KNOTS('Surf_XLGCQWJLRK, Duct, 0, 10',3,3,((#497, #498, #499, #506, #507, #508, #509),(#500, #501, #502, #510, #511, #512, #513),(#503, #504, #505, #514, #515, #516, #517),(#518, #519, #520, #530, #531, #532, #533),(#521, #522, #523, #534, #535, #536, #537),(#524, #525, #526, #538, #539, #540, #541),(#527, #528, #529, #542, #543, #544, #545)),.UNSPECIFIED.,.F.,.F.,.F.,(4,3,4),(4,3,4),(0.,1.,2.),(0.,1.,2.),.PIECEWISE_BEZIER_KNOTS.);
#497=CARTESIAN_POINT('',(8.04898671966922,2.28075921927867E-49,3.54857595642562));
#498=CARTESIAN_POINT('',(8.04898671966922,-0.971370443108579,3.54857595642562));
#499=CARTESIAN_POINT('',(8.04898671966922,-1.85137044310858,3.15426117797991));
#500=CARTESIAN_POINT('',(7.99898671966922,-1.92654427610793E-33,3.54857595642563));
#501=CARTESIAN_POINT('',(7.99898671966922,-0.971370443108579,3.54857595642563));
#502=CARTESIAN_POINT('',(7.99898671966922,-1.85137044310858,3.15426117797991));
#503=CARTESIAN_POINT('',(7.42130493305311,-2.08233218015819E-16,3.89736897084094));
#504=CARTESIAN_POINT('',(7.42130493305311,-1.05913110071714,3.89736897084094));
#505=CARTESIAN_POINT('',(7.41467041340769,-2.02481515734596,3.44845789030456));
#506=CARTESIAN_POINT('',(8.04898671966922,-2.48852783233143,2.51710378875706));
#507=CARTESIAN_POINT('',(8.04898671966922,-3.12568522155429,1.8799463995342));
#508=CARTESIAN_POINT('',(8.04898671966922,-3.52,0.999946399534205));
#509=CARTESIAN_POINT('',(8.04898671966922,-3.52,0.0285759564256259));
#510=CARTESIAN_POINT('',(7.99898671966922,-2.48852783233143,2.51710378875706));
#511=CARTESIAN_POINT('',(7.99898671966922,-3.12568522155429,1.8799463995342));
#512=CARTESIAN_POINT('',(7.99898671966922,-3.52,0.999946399534205));
#513=CARTESIAN_POINT('',(7.99898671966922,-3.52,0.0285759564256259));
#514=CARTESIAN_POINT('',(7.41147081905371,-2.72026856872112,2.74884452514674));
#515=CARTESIAN_POINT('',(7.40827122469972,-3.41572198009627,2.04923115998893));
#516=CARTESIAN_POINT('',(7.40850655563717,-3.84094474621776,1.09891551020968));
#517=CARTESIAN_POINT('',(7.42130493305312,-3.86879301441531,0.0285759564256257));
#518=CARTESIAN_POINT('',(4.34898671966922,0.,3.62857595642563));
#519=CARTESIAN_POINT('',(4.34898671966922,-0.993447044088319,3.62857595642563));
#520=CARTESIAN_POINT('',(4.34898671966922,-1.89344704408832,3.22529947846978));
#521=CARTESIAN_POINT('',(3.12005943431566,1.98317350491256E-17,3.5210587506595));
#522=CARTESIAN_POINT('',(3.12005943431566,-0.96654801271308,3.5210587506595));
#523=CARTESIAN_POINT('',(3.0811800777921,-1.83964898133784,3.13202618957471));
#524=CARTESIAN_POINT('',(4.7178049829001,-1.7614119095844E-31,3.375));
#525=CARTESIAN_POINT('',(4.7178049829001,-0.9313566038328,3.375));
#526=CARTESIAN_POINT('',(4.80399565085693,-1.7751066038328,2.9969283019164));
#527=CARTESIAN_POINT('',(1.77635683940025E-15,0.,3.375));
#528=CARTESIAN_POINT('',(1.77635683940025E-15,-0.931356603832799,3.375));
#529=CARTESIAN_POINT('',(1.77635683940025E-15,-1.7751066038328,2.9969283019164));
#530=CARTESIAN_POINT('',(4.34898671966922,-2.54508528306624,2.57366123949186));
#531=CARTESIAN_POINT('',(4.34898671966922,-3.19672352204416,1.92202300051394));
#532=CARTESIAN_POINT('',(4.34898671966922,-3.6,1.02202300051395));
#533=CARTESIAN_POINT('',(4.34898671966922,-3.6,0.0285759564256259));
#534=CARTESIAN_POINT('',(3.06174434414375,-2.47145115421507,2.50002711064069));
#535=CARTESIAN_POINT('',(3.0423086104954,-3.10325332709229,1.86802803170667));
#536=CARTESIAN_POINT('',(3.04231649972225,-3.49375670422198,0.993062434923409));
#537=CARTESIAN_POINT('',(3.12005943431566,-3.49248279423388,0.0285759564256259));
#538=CARTESIAN_POINT('',(4.84709098483534,-2.3860174528746,2.3860174528746));
#539=CARTESIAN_POINT('',(4.89018631881375,-2.9969283019164,1.7751066038328));
#540=CARTESIAN_POINT('',(4.89018631881375,-3.375,0.9313566038328));
#541=CARTESIAN_POINT('',(4.7178049829001,-3.375,6.93889390390712E-18));
#542=CARTESIAN_POINT('',(1.77635683940025E-15,-2.3860174528746,2.3860174528746));
#543=CARTESIAN_POINT('',(1.77635683940025E-15,-2.9969283019164,1.7751066038328));
#544=CARTESIAN_POINT('',(1.77635683940025E-15,-3.375,0.931356603832799));
#545=CARTESIAN_POINT('',(1.77635683940025E-15,-3.375,6.93889390390723E-18));
#546=B_SPLINE_SURFACE_WITH_KNOTS('Surf_XLGCQWJLRK, Duct, 0, 11',3,3,((#547, #548, #549, #556, #557, #558, #559),(#550, #551, #552, #560, #561, #562, #563),(#553, #554, #555, #564, #565, #566, #567),(#568, #569, #570, #580, #581, #582, #583),(#571, #572, #573, #584, #585, #586, #587),(#574, #575, #576, #588, #589, #590, #591),(#577, #578, #579, #592, #593, #594, #595)),.UNSPECIFIED.,.F.,.F.,.F.,(4,3,4),(4,3,4),(0.,1.,2.),(0.,1.,2.),.PIECEWISE_BEZIER_KNOTS.);
#547=CARTESIAN_POINT('',(8.04898671966922,3.52,0.0285759564256259));
#548=CARTESIAN_POINT('',(8.04898671966922,3.52,0.999946399534205));
#549=CARTESIAN_POINT('',(8.04898671966922,3.12568522155429,1.8799463995342));
#550=CARTESIAN_POINT('',(7.99898671966922,3.52,0.0285759564256259));
#551=CARTESIAN_POINT('',(7.99898671966922,3.52,0.999946399534205));
#552=CARTESIAN_POINT('',(7.99898671966922,3.12568522155429,1.8799463995342));
#553=CARTESIAN_POINT('',(7.42130493305312,3.86879301441531,0.0285759564256259));
#554=CARTESIAN_POINT('',(7.40850655563717,3.84094474621776,1.09891551020968));
#555=CARTESIAN_POINT('',(7.40827122469972,3.41572198009627,2.04923115998893));
#556=CARTESIAN_POINT('',(8.04898671966922,2.48852783233143,2.51710378875706));
#557=CARTESIAN_POINT('',(8.04898671966922,1.85137044310858,3.15426117797991));
#558=CARTESIAN_POINT('',(8.04898671966922,0.971370443108579,3.54857595642562));
#559=CARTESIAN_POINT('',(8.04898671966922,2.28075921927867E-49,3.54857595642562));
#560=CARTESIAN_POINT('',(7.99898671966922,2.48852783233143,2.51710378875706));
#561=CARTESIAN_POINT('',(7.99898671966922,1.85137044310858,3.15426117797991));
#562=CARTESIAN_POINT('',(7.99898671966922,0.971370443108579,3.54857595642563));
#563=CARTESIAN_POINT('',(7.99898671966922,-1.92654427610793E-33,3.54857595642563));
#564=CARTESIAN_POINT('',(7.4114708190537,2.72026856872112,2.74884452514675));
#565=CARTESIAN_POINT('',(7.41467041340769,2.02481515734596,3.44845789030456));
#566=CARTESIAN_POINT('',(7.42130493305311,1.05913110071714,3.89736897084094));
#567=CARTESIAN_POINT('',(7.42130493305311,-2.08233218015819E-16,3.89736897084094));
#568=CARTESIAN_POINT('',(4.34898671966922,3.6,0.0285759564256259));
#569=CARTESIAN_POINT('',(4.34898671966922,3.6,1.02202300051395));
#570=CARTESIAN_POINT('',(4.34898671966922,3.19672352204416,1.92202300051394));
#571=CARTESIAN_POINT('',(3.12005943431566,3.49248279423387,0.0285759564256259));
#572=CARTESIAN_POINT('',(3.04231649972225,3.49375670422198,0.993062434923409));
#573=CARTESIAN_POINT('',(3.0423086104954,3.10325332709229,1.86802803170667));
#574=CARTESIAN_POINT('',(4.7178049829001,3.375,6.93889390390723E-18));
#575=CARTESIAN_POINT('',(4.89018631881375,3.375,0.9313566038328));
#576=CARTESIAN_POINT('',(4.89018631881375,2.9969283019164,1.7751066038328));
#577=CARTESIAN_POINT('',(1.77635683940025E-15,3.375,6.93889390390723E-18));
#578=CARTESIAN_POINT('',(1.77635683940025E-15,3.375,0.931356603832799));
#579=CARTESIAN_POINT('',(1.77635683940025E-15,2.9969283019164,1.7751066038328));
#580=CARTESIAN_POINT('',(4.34898671966922,2.54508528306624,2.57366123949186));
#581=CARTESIAN_POINT('',(4.34898671966922,1.89344704408832,3.22529947846978));
#582=CARTESIAN_POINT('',(4.34898671966922,0.993447044088319,3.62857595642563));
#583=CARTESIAN_POINT('',(4.34898671966922,0.,3.62857595642563));
#584=CARTESIAN_POINT('',(3.06174434414375,2.47145115421507,2.50002711064069));
#585=CARTESIAN_POINT('',(3.0811800777921,1.83964898133784,3.13202618957471));
#586=CARTESIAN_POINT('',(3.12005943431566,0.96654801271308,3.5210587506595));
#587=CARTESIAN_POINT('',(3.12005943431566,1.98317350491256E-17,3.5210587506595));
#588=CARTESIAN_POINT('',(4.84709098483534,2.3860174528746,2.3860174528746));
#589=CARTESIAN_POINT('',(4.80399565085692,1.7751066038328,2.9969283019164));
#590=CARTESIAN_POINT('',(4.71780498290009,0.9313566038328,3.375));
#591=CARTESIAN_POINT('',(4.7178049829001,-1.7614119095844E-31,3.375));
#592=CARTESIAN_POINT('',(1.77635683940025E-15,2.3860174528746,2.3860174528746));
#593=CARTESIAN_POINT('',(1.77635683940025E-15,1.7751066038328,2.9969283019164));
#594=CARTESIAN_POINT('',(1.77635683940025E-15,0.9313566038328,3.375));
#595=CARTESIAN_POINT('',(1.77635683940025E-15,0.,3.375));
#596=GEOMETRIC_SET('XLGCQWJLRK, Duct, 0',(#52,#123,#194,#265,#336,#351,#366,#381,#396,#446,#496,#546));
#597=GEOMETRICALLY_BOUNDED_SURFACE_SHAPE_REPRESENTATION('',(#596),#12);
#598=SHAPE_REPRESENTATION_RELATIONSHIP('','',#26,#597);
#599=B_SPLINE_SURFACE_WITH_KNOTS('Surf_NZPFQXQDTO, TRF,Upper, 0, 0',3,3,((#600, #601, #602, #609, #610, #611, #612),(#603, #604, #605, #613, #614, #615, #616),(#606, #607, #608, #617, #618, #619, #620),(#621, #622, #623, #633, #634, #635, #636),(#624, #625, #626, #637, #638, #639, #640),(#627, #628, #629, #641, #642, #643, #644),(#630, #631, #632, #645, #646, #647, #648)),.UNSPECIFIED.,.F.,.F.,.F.,(4,3,4),(4,3,4),(0.,1.,2.),(0.,1.,2.),.PIECEWISE_BEZIER_KNOTS.);
#600=CARTESIAN_POINT('',(5.9,0.,3.99));
#601=CARTESIAN_POINT('',(5.9,-3.70074341541719E-17,3.99));
#602=CARTESIAN_POINT('',(5.9,0.,3.99));
#603=CARTESIAN_POINT('',(6.55728451462473,-2.22044604925031E-16,3.88436706557835));
#604=CARTESIAN_POINT('',(6.55728451462473,0.288478058572533,3.88436706557835));
#605=CARTESIAN_POINT('',(6.378702256494,0.576956117145066,3.90804308926675));
#606=CARTESIAN_POINT('',(7.43609000686868,-4.39463280580791E-17,3.54718719966778));
#607=CARTESIAN_POINT('',(7.43609000686868,0.438288478404663,3.54718719966778));
#608=CARTESIAN_POINT('',(6.90998900862429,0.801576956809327,3.52629033803372));
#609=CARTESIAN_POINT('',(5.9,0.,3.99));
#610=CARTESIAN_POINT('',(5.9,-1.48029736616688E-16,3.99));
#611=CARTESIAN_POINT('',(5.9,-1.48029736616688E-16,3.99));
#612=CARTESIAN_POINT('',(5.9,-1.48029736616688E-16,3.99));
#613=CARTESIAN_POINT('',(6.20725056310054,0.793314661074466,3.93308521791366));
#614=CARTESIAN_POINT('',(6.03579886970708,1.00967320500387,3.95812734656056));
#615=CARTESIAN_POINT('',(5.8714777410509,1.15391223429013,3.98453558016598));
#616=CARTESIAN_POINT('',(5.9,1.15391223429013,3.99));
#617=CARTESIAN_POINT('',(6.39977398947493,1.14796372318811,3.55108330343293));
#618=CARTESIAN_POINT('',(5.88955897032556,1.49435048956689,3.57587626883214));
#619=CARTESIAN_POINT('',(5.39522993027121,1.82383554391978,3.64635906126464));
#620=CARTESIAN_POINT('',(5.40149388254606,1.82383554391978,3.68188369991991));
#621=CARTESIAN_POINT('',(8.03532038464681,0.,3.43070861359056));
#622=CARTESIAN_POINT('',(8.03532038464681,0.45,3.43070861359056));
#623=CARTESIAN_POINT('',(8.0262038553193,0.825,3.37900620655742));
#624=CARTESIAN_POINT('',(8.66979960817659,6.24500451351651E-17,3.30737834597938));
#625=CARTESIAN_POINT('',(8.66979960817659,0.457895023735309,3.30737834597938));
#626=CARTESIAN_POINT('',(9.04324466461876,0.840790047470619,3.24150938126544));
#627=CARTESIAN_POINT('',(10.0294202837223,-1.8521787113294E-17,3.22227015143142));
#628=CARTESIAN_POINT('',(10.0294202837223,0.19359086471492,3.22227015143142));
#629=CARTESIAN_POINT('',(9.98327625404581,0.36505672942984,3.19900714214033));
#630=CARTESIAN_POINT('',(10.0294202837223,0.,3.22227015143142));
#631=CARTESIAN_POINT('',(10.0294202837223,0.193666666666667,3.22227015143142));
#632=CARTESIAN_POINT('',(10.0283349826118,0.365208333333333,3.21611510297509));
#633=CARTESIAN_POINT('',(8.01708732599178,1.0875,3.32730379952427));
#634=CARTESIAN_POINT('',(8.00797079666427,1.35,3.27560139249113));
#635=CARTESIAN_POINT('',(7.99885426733676,1.5,3.22389898545799));
#636=CARTESIAN_POINT('',(7.99885426733676,1.5,3.22389898545799));
#637=CARTESIAN_POINT('',(9.40335590014909,1.03567395155305,3.135492796174));
#638=CARTESIAN_POINT('',(9.76346713567942,1.23055785563549,3.02947621108256));
#639=CARTESIAN_POINT('',(10.1102445502979,1.23743064006504,2.88331200561363));
#640=CARTESIAN_POINT('',(10.1048221468968,1.23743064006504,2.85256002778616));
#641=CARTESIAN_POINT('',(9.9812743318025,0.518989574000809,3.18869342837378));
#642=CARTESIAN_POINT('',(9.97927240955918,0.672922418571779,3.17837971460723));
#643=CARTESIAN_POINT('',(10.021412594749,0.809322242998798,3.18101529636521));
#644=CARTESIAN_POINT('',(10.0250790792806,0.816666666666667,3.19764995760611));
#645=CARTESIAN_POINT('',(10.0272496815014,0.4900625,3.20996005451876));
#646=CARTESIAN_POINT('',(10.026164380391,0.614916666666667,3.20380500606244));
#647=CARTESIAN_POINT('',(10.0250790792806,0.693083333333333,3.19764995760611));
#648=CARTESIAN_POINT('',(10.0250790792806,0.7,3.19764995760611));
#649=B_SPLINE_SURFACE_WITH_KNOTS('Surf_NZPFQXQDTO, TRF,Upper, 0, 1',3,3,((#650, #651, #652, #659, #660, #661, #662),(#653, #654, #655, #663, #664, #665, #666),(#656, #657, #658, #667, #668, #669, #670),(#671, #672, #673, #683, #684, #685, #686),(#674, #675, #676, #687, #688, #689, #690),(#677, #678, #679, #691, #692, #693, #694),(#680, #681, #682, #695, #696, #697, #698)),.UNSPECIFIED.,.F.,.F.,.F.,(4,3,4),(4,3,4),(0.,1.,2.),(0.,1.,2.),.PIECEWISE_BEZIER_KNOTS.);
#650=CARTESIAN_POINT('',(5.9,1.48029736616688E-16,3.99));
#651=CARTESIAN_POINT('',(5.9,1.48029736616688E-16,3.99));
#652=CARTESIAN_POINT('',(5.9,0.,3.99));
#653=CARTESIAN_POINT('',(5.9,-1.15391223429013,3.99));
#654=CARTESIAN_POINT('',(5.8714777410509,-1.15391223429013,3.98453558016597));
#655=CARTESIAN_POINT('',(6.03579886970708,-1.00967320500387,3.95812734656056));
#656=CARTESIAN_POINT('',(5.40149388254606,-1.82383554391978,3.68188369991991));
#657=CARTESIAN_POINT('',(5.39522993027122,-1.82383554391978,3.64635906126464));
#658=CARTESIAN_POINT('',(5.88955897032556,-1.49435048956688,3.57587626883214));
#659=CARTESIAN_POINT('',(5.9,0.,3.99));
#660=CARTESIAN_POINT('',(5.9,7.40148683083438E-17,3.99));
#661=CARTESIAN_POINT('',(5.9,3.70074341541719E-17,3.99));
#662=CARTESIAN_POINT('',(5.9,0.,3.99));
#663=CARTESIAN_POINT('',(6.20725056310054,-0.793314661074466,3.93308521791366));
#664=CARTESIAN_POINT('',(6.378702256494,-0.576956117145066,3.90804308926675));
#665=CARTESIAN_POINT('',(6.55728451462473,-0.288478058572533,3.88436706557835));
#666=CARTESIAN_POINT('',(6.55728451462473,-2.22044604925031E-16,3.88436706557835));
#667=CARTESIAN_POINT('',(6.39977398947492,-1.14796372318811,3.55108330343293));
#668=CARTESIAN_POINT('',(6.90998900862429,-0.801576956809326,3.52629033803372));
#669=CARTESIAN_POINT('',(7.43609000686868,-0.438288478404663,3.54718719966778));
#670=CARTESIAN_POINT('',(7.43609000686868,-4.39463280580791E-17,3.54718719966778));
#671=CARTESIAN_POINT('',(7.99885426733676,-1.5,3.22389898545799));
#672=CARTESIAN_POINT('',(7.99885426733676,-1.5,3.22389898545799));
#673=CARTESIAN_POINT('',(8.00797079666427,-1.35,3.27560139249113));
#674=CARTESIAN_POINT('',(10.1048221468968,-1.23743064006504,2.85256002778617));
#675=CARTESIAN_POINT('',(10.1102445502979,-1.23743064006504,2.88331200561363));
#676=CARTESIAN_POINT('',(9.76346713567942,-1.23055785563549,3.02947621108256));
#677=CARTESIAN_POINT('',(10.0250790792806,-0.816666666666667,3.19764995760611));
#678=CARTESIAN_POINT('',(10.021412594749,-0.809322242998798,3.18101529636521));
#679=CARTESIAN_POINT('',(9.97927240955918,-0.672922418571779,3.17837971460723));
#680=CARTESIAN_POINT('',(10.0250790792806,-0.7,3.19764995760611));
#681=CARTESIAN_POINT('',(10.0250790792806,-0.693083333333333,3.19764995760611));
#682=CARTESIAN_POINT('',(10.026164380391,-0.614916666666667,3.20380500606244));
#683=CARTESIAN_POINT('',(8.01708732599178,-1.0875,3.32730379952427));
#684=CARTESIAN_POINT('',(8.0262038553193,-0.825,3.37900620655742));
#685=CARTESIAN_POINT('',(8.03532038464681,-0.45,3.43070861359056));
#686=CARTESIAN_POINT('',(8.03532038464681,0.,3.43070861359056));
#687=CARTESIAN_POINT('',(9.40335590014909,-1.03567395155305,3.135492796174));
#688=CARTESIAN_POINT('',(9.04324466461876,-0.840790047470619,3.24150938126544));
#689=CARTESIAN_POINT('',(8.66979960817659,-0.457895023735309,3.30737834597938));
#690=CARTESIAN_POINT('',(8.66979960817659,6.24500451351651E-17,3.30737834597938));
#691=CARTESIAN_POINT('',(9.9812743318025,-0.518989574000809,3.18869342837378));
#692=CARTESIAN_POINT('',(9.98327625404581,-0.36505672942984,3.19900714214033));
#693=CARTESIAN_POINT('',(10.0294202837223,-0.19359086471492,3.22227015143142));
#694=CARTESIAN_POINT('',(10.0294202837223,-1.8521787113294E-17,3.22227015143142));
#695=CARTESIAN_POINT('',(10.0272496815014,-0.4900625,3.20996005451876));
#696=CARTESIAN_POINT('',(10.0283349826118,-0.365208333333333,3.21611510297509));
#697=CARTESIAN_POINT('',(10.0294202837223,-0.193666666666667,3.22227015143142));
#698=CARTESIAN_POINT('',(10.0294202837223,0.,3.22227015143142));
#699=B_SPLINE_SURFACE_WITH_KNOTS('Surf_NZPFQXQDTO, TRF,Upper, 0, 2',3,3,((#700, #701, #702, #709, #710, #711, #712),(#703, #704, #705, #713, #714, #715, #716),(#706, #707, #708, #717, #718, #719, #720),(#721, #722, #723, #733, #734, #735, #736),(#724, #725, #726, #737, #738, #739, #740),(#727, #728, #729, #741, #742, #743, #744),(#730, #731, #732, #745, #746, #747, #748)),.UNSPECIFIED.,.F.,.F.,.F.,(4,3,4),(4,3,4),(0.,1.,2.),(0.,1.,2.),.PIECEWISE_BEZIER_KNOTS.);
#700=CARTESIAN_POINT('',(5.9,0.,3.99));
#701=CARTESIAN_POINT('',(5.9,3.70074341541719E-17,3.99));
#702=CARTESIAN_POINT('',(5.9,7.40148683083438E-17,3.99));
#703=CARTESIAN_POINT('',(6.78546258621756,3.70074341541719E-17,3.92808242425055));
#704=CARTESIAN_POINT('',(6.78546258621756,-0.288478058572533,3.92808242425055));
#705=CARTESIAN_POINT('',(6.57835806913772,-0.576956117145066,3.94629402810493));
#706=CARTESIAN_POINT('',(7.50532223241356,-8.42848739587838E-17,3.93982266173211));
#707=CARTESIAN_POINT('',(7.50532223241356,-0.808288478404663,3.93982266173211));
#708=CARTESIAN_POINT('',(6.99378540931297,-1.17157695680933,4.00152334180884));
#709=CARTESIAN_POINT('',(5.9,0.,3.99));
#710=CARTESIAN_POINT('',(5.9,1.48029736616688E-16,3.99));
#711=CARTESIAN_POINT('',(5.9,1.48029736616688E-16,3.99));
#712=CARTESIAN_POINT('',(5.9,1.48029736616688E-16,3.99));
#713=CARTESIAN_POINT('',(6.36412298732061,-0.793314661074466,3.96313952700079));
#714=CARTESIAN_POINT('',(6.14988790550349,-1.00967320500387,3.97998502589666));
#715=CARTESIAN_POINT('',(5.9285222589491,-1.15391223429013,3.99546441983403));
#716=CARTESIAN_POINT('',(5.9,-1.15391223429013,3.99));
#717=CARTESIAN_POINT('',(6.47547199613315,-1.42546372318811,3.98038803237504));
#718=CARTESIAN_POINT('',(5.95715858295333,-1.67935048956688,3.95925272294123));
#719=CARTESIAN_POINT('',(5.43206857969427,-1.82383554391978,3.8552814239969));
#720=CARTESIAN_POINT('',(5.40149388254606,-1.82383554391978,3.68188369991991));
#721=CARTESIAN_POINT('',(8.10825261926692,0.,3.84432786985568));
#722=CARTESIAN_POINT('',(8.10825261926692,-0.82,3.84432786985568));
#723=CARTESIAN_POINT('',(8.09305840372106,-1.195,3.75815719146712));
#724=CARTESIAN_POINT('',(8.7466494994646,-9.9158675245628E-18,3.74321573728064));
#725=CARTESIAN_POINT('',(8.7466494994646,-0.827895023735309,3.74321573728064));
#726=CARTESIAN_POINT('',(9.09579083115109,-1.21079004747062,3.53951350021082));
#727=CARTESIAN_POINT('',(10.0381026926056,-6.35235263292305E-18,3.27151053908203));
#728=CARTESIAN_POINT('',(10.0381026926056,-0.194446378717325,3.27151053908203));
#729=CARTESIAN_POINT('',(10.0022345824503,-0.370226090767983,3.29404814787608));
#730=CARTESIAN_POINT('',(10.0381026926056,0.,3.27151053908203));
#731=CARTESIAN_POINT('',(10.0381026926056,-0.193666666666667,3.27151053908203));
#732=CARTESIAN_POINT('',(10.0362938574216,-0.368666666666667,3.26125212498815));
#733=CARTESIAN_POINT('',(8.07178650195686,-1.365,3.63751824172312));
#734=CARTESIAN_POINT('',(8.05051460019267,-1.535,3.51687929197912));
#735=CARTESIAN_POINT('',(8.02316501221013,-1.5,3.3617720708797));
#736=CARTESIAN_POINT('',(7.99885426733676,-1.5,3.22389898545799));
#737=CARTESIAN_POINT('',(9.44005607837719,-1.31317395155305,3.34362984973576));
#738=CARTESIAN_POINT('',(9.7843213256033,-1.41555785563549,3.1477461992607));
#739=CARTESIAN_POINT('',(10.123710488369,-1.23743064006504,2.95968113538041));
#740=CARTESIAN_POINT('',(10.1048221468968,-1.23743064006504,2.85256002778617));
#741=CARTESIAN_POINT('',(10.0006188343256,-0.525888102005619,3.28384503345488));
#742=CARTESIAN_POINT('',(9.99900308620085,-0.681550113243255,3.27364191903367));
#743=CARTESIAN_POINT('',(10.0316397001066,-0.817094423667869,3.23069808139721));
#744=CARTESIAN_POINT('',(10.0250790792806,-0.816666666666667,3.19764995760611));
#745=CARTESIAN_POINT('',(10.0337614881639,-0.49525,3.24689034525672));
#746=CARTESIAN_POINT('',(10.0312291189063,-0.621833333333333,3.23252856552529));
#747=CARTESIAN_POINT('',(10.027973215575,-0.7,3.21406342015631));
#748=CARTESIAN_POINT('',(10.0250790792806,-0.7,3.19764995760611));
#749=B_SPLINE_SURFACE_WITH_KNOTS('Surf_NZPFQXQDTO, TRF,Upper, 0, 3',3,3,((#750, #751, #752, #759, #760, #761, #762),(#753, #754, #755, #763, #764, #765, #766),(#756, #757, #758, #767, #768, #769, #770),(#771, #772, #773, #783, #784, #785, #786),(#774, #775, #776, #787, #788, #789, #790),(#777, #778, #779, #791, #792, #793, #794),(#780, #781, #782, #795, #796, #797, #798)),.UNSPECIFIED.,.F.,.F.,.F.,(4,3,4),(4,3,4),(0.,1.,2.),(0.,1.,2.),.PIECEWISE_BEZIER_KNOTS.);
#750=CARTESIAN_POINT('',(5.9,-1.48029736616688E-16,3.99));
#751=CARTESIAN_POINT('',(5.9,-1.48029736616688E-16,3.99));
#752=CARTESIAN_POINT('',(5.9,-1.48029736616688E-16,3.99));
#753=CARTESIAN_POINT('',(5.9,1.15391223429013,3.99));
#754=CARTESIAN_POINT('',(5.9285222589491,1.15391223429013,3.99546441983403));
#755=CARTESIAN_POINT('',(6.14988790550349,1.00967320500387,3.97998502589666));
#756=CARTESIAN_POINT('',(5.40149388254606,1.82383554391978,3.68188369991991));
#757=CARTESIAN_POINT('',(5.43206857969427,1.82383554391978,3.8552814239969));
#758=CARTESIAN_POINT('',(5.95715858295333,1.67935048956689,3.95925272294123));
#759=CARTESIAN_POINT('',(5.9,-1.48029736616688E-16,3.99));
#760=CARTESIAN_POINT('',(5.9,-7.40148683083438E-17,3.99));
#761=CARTESIAN_POINT('',(5.9,0.,3.99));
#762=CARTESIAN_POINT('',(5.9,0.,3.99));
#763=CARTESIAN_POINT('',(6.36412298732061,0.793314661074466,3.96313952700079));
#764=CARTESIAN_POINT('',(6.57835806913772,0.576956117145066,3.94629402810493));
#765=CARTESIAN_POINT('',(6.78546258621756,0.288478058572533,3.92808242425055));
#766=CARTESIAN_POINT('',(6.78546258621756,3.70074341541719E-17,3.92808242425055));
#767=CARTESIAN_POINT('',(6.47547199613315,1.42546372318811,3.98038803237504));
#768=CARTESIAN_POINT('',(6.99378540931298,1.17157695680933,4.00152334180884));
#769=CARTESIAN_POINT('',(7.50532223241356,0.808288478404663,3.93982266173211));
#770=CARTESIAN_POINT('',(7.50532223241356,-8.42848739587838E-17,3.93982266173211));
#771=CARTESIAN_POINT('',(7.99885426733676,1.5,3.22389898545799));
#772=CARTESIAN_POINT('',(8.02316501221013,1.5,3.3617720708797));
#773=CARTESIAN_POINT('',(8.05051460019267,1.535,3.51687929197912));
#774=CARTESIAN_POINT('',(10.1048221468968,1.23743064006504,2.85256002778616));
#775=CARTESIAN_POINT('',(10.123710488369,1.23743064006504,2.95968113538041));
#776=CARTESIAN_POINT('',(9.7843213256033,1.41555785563549,3.1477461992607));
#777=CARTESIAN_POINT('',(10.0250790792806,0.816666666666667,3.19764995760611));
#778=CARTESIAN_POINT('',(10.0316397001066,0.817094423667869,3.23069808139721));
#779=CARTESIAN_POINT('',(9.99900308620085,0.681550113243255,3.27364191903367));
#780=CARTESIAN_POINT('',(10.0250790792806,0.7,3.19764995760611));
#781=CARTESIAN_POINT('',(10.027973215575,0.7,3.21406342015631));
#782=CARTESIAN_POINT('',(10.0312291189063,0.621833333333333,3.23252856552529));
#783=CARTESIAN_POINT('',(8.07178650195686,1.365,3.63751824172312));
#784=CARTESIAN_POINT('',(8.09305840372106,1.195,3.75815719146712));
#785=CARTESIAN_POINT('',(8.10825261926692,0.82,3.84432786985568));
#786=CARTESIAN_POINT('',(8.10825261926692,0.,3.84432786985568));
#787=CARTESIAN_POINT('',(9.44005607837719,1.31317395155305,3.34362984973576));
#788=CARTESIAN_POINT('',(9.09579083115108,1.21079004747062,3.53951350021082));
#789=CARTESIAN_POINT('',(8.7466494994646,0.827895023735309,3.74321573728064));
#790=CARTESIAN_POINT('',(8.7466494994646,-9.9158675245628E-18,3.74321573728064));
#791=CARTESIAN_POINT('',(10.0006188343256,0.525888102005619,3.28384503345488));
#792=CARTESIAN_POINT('',(10.0022345824503,0.370226090767983,3.29404814787608));
#793=CARTESIAN_POINT('',(10.0381026926056,0.194446378717325,3.27151053908203));
#794=CARTESIAN_POINT('',(10.0381026926056,-6.35235263292305E-18,3.27151053908203));
#795=CARTESIAN_POINT('',(10.0337614881639,0.49525,3.24689034525672));
#796=CARTESIAN_POINT('',(10.0362938574216,0.368666666666667,3.26125212498815));
#797=CARTESIAN_POINT('',(10.0381026926056,0.193666666666667,3.27151053908203));
#798=CARTESIAN_POINT('',(10.0381026926056,0.,3.27151053908203));
#799=B_SPLINE_SURFACE_WITH_KNOTS('Surf_NZPFQXQDTO, TRF,Upper, 0, 4',1,3,((#800, #801, #802, #806, #807, #808, #809),(#803, #804, #805, #810, #811, #812, #813)),.UNSPECIFIED.,.F.,.F.,.F.,(2,2),(4,3,4),(0.,1.),(0.,1.,2.),.PIECEWISE_BEZIER_KNOTS.);
#800=CARTESIAN_POINT('',(10.0294202837223,0.,3.22227015143142));
#801=CARTESIAN_POINT('',(10.0294202837223,0.193666666666667,3.22227015143142));
#802=CARTESIAN_POINT('',(10.0283349826118,0.365208333333333,3.21611510297509));
#803=CARTESIAN_POINT('',(10.0337614881639,0.,3.24689034525672));
#804=CARTESIAN_POINT('',(10.0337614881639,0.,3.24689034525672));
#805=CARTESIAN_POINT('',(10.0337614881639,0.,3.24689034525672));
#806=CARTESIAN_POINT('',(10.0272496815014,0.4900625,3.20996005451876));
#807=CARTESIAN_POINT('',(10.026164380391,0.614916666666667,3.20380500606244));
#808=CARTESIAN_POINT('',(10.0250790792806,0.693083333333333,3.19764995760611));
#809=CARTESIAN_POINT('',(10.0250790792806,0.7,3.19764995760611));
#810=CARTESIAN_POINT('',(10.0337614881639,0.,3.24689034525672));
#811=CARTESIAN_POINT('',(10.0337614881639,0.,3.24689034525672));
#812=CARTESIAN_POINT('',(10.0337614881639,0.,3.24689034525672));
#813=CARTESIAN_POINT('',(10.0337614881639,0.,3.24689034525672));
#814=B_SPLINE_SURFACE_WITH_KNOTS('Surf_NZPFQXQDTO, TRF,Upper, 0, 5',1,3,((#815, #816, #817, #821, #822, #823, #824),(#818, #819, #820, #825, #826, #827, #828)),.UNSPECIFIED.,.F.,.F.,.F.,(2,2),(4,3,4),(0.,1.),(0.,1.,2.),.PIECEWISE_BEZIER_KNOTS.);
#815=CARTESIAN_POINT('',(10.0250790792806,-0.7,3.19764995760611));
#816=CARTESIAN_POINT('',(10.0250790792806,-0.693083333333333,3.19764995760611));
#817=CARTESIAN_POINT('',(10.026164380391,-0.614916666666667,3.20380500606244));
#818=CARTESIAN_POINT('',(10.0337614881639,0.,3.24689034525672));
#819=CARTESIAN_POINT('',(10.0337614881639,0.,3.24689034525672));
#820=CARTESIAN_POINT('',(10.0337614881639,0.,3.24689034525672));
#821=CARTESIAN_POINT('',(10.0272496815014,-0.4900625,3.20996005451876));
#822=CARTESIAN_POINT('',(10.0283349826118,-0.365208333333333,3.21611510297509));
#823=CARTESIAN_POINT('',(10.0294202837223,-0.193666666666667,3.22227015143142));
#824=CARTESIAN_POINT('',(10.0294202837223,0.,3.22227015143142));
#825=CARTESIAN_POINT('',(10.0337614881639,0.,3.24689034525672));
#826=CARTESIAN_POINT('',(10.0337614881639,0.,3.24689034525672));
#827=CARTESIAN_POINT('',(10.0337614881639,0.,3.24689034525672));
#828=CARTESIAN_POINT('',(10.0337614881639,0.,3.24689034525672));
#829=B_SPLINE_SURFACE_WITH_KNOTS('Surf_NZPFQXQDTO, TRF,Upper, 0, 6',1,3,((#830, #831, #832, #836, #837, #838, #839),(#833, #834, #835, #840, #841, #842, #843)),.UNSPECIFIED.,.F.,.F.,.F.,(2,2),(4,3,4),(0.,1.),(0.,1.,2.),.PIECEWISE_BEZIER_KNOTS.);
#830=CARTESIAN_POINT('',(10.0381026926056,0.,3.27151053908203));
#831=CARTESIAN_POINT('',(10.0381026926056,-0.193666666666667,3.27151053908203));
#832=CARTESIAN_POINT('',(10.0362938574216,-0.368666666666667,3.26125212498815));
#833=CARTESIAN_POINT('',(10.0337614881639,0.,3.24689034525672));
#834=CARTESIAN_POINT('',(10.0337614881639,0.,3.24689034525672));
#835=CARTESIAN_POINT('',(10.0337614881639,0.,3.24689034525672));
#836=CARTESIAN_POINT('',(10.0337614881639,-0.49525,3.24689034525672));
#837=CARTESIAN_POINT('',(10.0312291189063,-0.621833333333333,3.23252856552529));
#838=CARTESIAN_POINT('',(10.027973215575,-0.7,3.21406342015631));
#839=CARTESIAN_POINT('',(10.0250790792806,-0.7,3.19764995760611));
#840=CARTESIAN_POINT('',(10.0337614881639,0.,3.24689034525672));
#841=CARTESIAN_POINT('',(10.0337614881639,0.,3.24689034525672));
#842=CARTESIAN_POINT('',(10.0337614881639,0.,3.24689034525672));
#843=CARTESIAN_POINT('',(10.0337614881639,0.,3.24689034525672));
#844=B_SPLINE_SURFACE_WITH_KNOTS('Surf_NZPFQXQDTO, TRF,Upper, 0, 7',1,3,((#845, #846, #847, #851, #852, #853, #854),(#848, #849, #850, #855, #856, #857, #858)),.UNSPECIFIED.,.F.,.F.,.F.,(2,2),(4,3,4),(0.,1.),(0.,1.,2.),.PIECEWISE_BEZIER_KNOTS.);
#845=CARTESIAN_POINT('',(10.0250790792806,0.7,3.19764995760611));
#846=CARTESIAN_POINT('',(10.027973215575,0.7,3.21406342015631));
#847=CARTESIAN_POINT('',(10.0312291189063,0.621833333333333,3.23252856552529));
#848=CARTESIAN_POINT('',(10.0337614881639,0.,3.24689034525672));
#849=CARTESIAN_POINT('',(10.0337614881639,0.,3.24689034525672));
#850=CARTESIAN_POINT('',(10.0337614881639,0.,3.24689034525672));
#851=CARTESIAN_POINT('',(10.0337614881639,0.49525,3.24689034525672));
#852=CARTESIAN_POINT('',(10.0362938574216,0.368666666666667,3.26125212498815));
#853=CARTESIAN_POINT('',(10.0381026926056,0.193666666666667,3.27151053908203));
#854=CARTESIAN_POINT('',(10.0381026926056,0.,3.27151053908203));
#855=CARTESIAN_POINT('',(10.0337614881639,0.,3.24689034525672));
#856=CARTESIAN_POINT('',(10.0337614881639,0.,3.24689034525672));
#857=CARTESIAN_POINT('',(10.0337614881639,0.,3.24689034525672));
#858=CARTESIAN_POINT('',(10.0337614881639,0.,3.24689034525672));
#859=GEOMETRIC_SET('NZPFQXQDTO, TRF,Upper, 0',(#599,#649,#699,#749,#799,#814,#829,#844));
#860=GEOMETRICALLY_BOUNDED_SURFACE_SHAPE_REPRESENTATION('',(#859),#12);
#861=SHAPE_REPRESENTATION_RELATIONSHIP('','',#26,#860);
#862=B_SPLINE_SURFACE_WITH_KNOTS('Surf_XUVKWDPMNY, TRF,Lower, 0, 0',2,3,((#863, #864, #865, #872, #873, #874, #875),(#866, #867, #868, #876, #877, #878, #879),(#869, #870, #871, #880, #881, #882, #883)),.UNSPECIFIED.,.F.,.F.,.F.,(3,3),(4,3,4),(0.,1.),(0.,1.,2.),.PIECEWISE_BEZIER_KNOTS.);
#863=CARTESIAN_POINT('',(1.477,0.,-4.33));
#864=CARTESIAN_POINT('',(1.477,0.,-4.33));
#865=CARTESIAN_POINT('',(1.477,0.,-4.33));
#866=CARTESIAN_POINT('',(1.4773176615215,1.38777878078145E-17,-4.33247973610648));
#867=CARTESIAN_POINT('',(1.4773176615215,0.171344207397012,-4.33247973610648));
#868=CARTESIAN_POINT('',(1.47651989784553,0.32535508146069,-4.32625221637923));
#869=CARTESIAN_POINT('',(1.48144726130105,0.,-4.36471630549065));
#870=CARTESIAN_POINT('',(1.48144726130105,0.179833333333333,-4.36471630549065));
#871=CARTESIAN_POINT('',(1.480202698932,0.342333333333333,-4.35500097632935));
#872=CARTESIAN_POINT('',(1.477,0.,-4.33));
#873=CARTESIAN_POINT('',(1.477,0.,-4.33));
#874=CARTESIAN_POINT('',(1.477,0.,-4.33));
#875=CARTESIAN_POINT('',(1.477,0.,-4.33));
#876=CARTESIAN_POINT('',(1.47573046631526,0.436894029611437,-4.32008973922453));
#877=CARTESIAN_POINT('',(1.474941034785,0.548432977762184,-4.31392726206983));
#878=CARTESIAN_POINT('',(1.47415993540044,0.6175,-4.30782982748767));
#879=CARTESIAN_POINT('',(1.47400819390495,0.6175,-4.30664529980727));
#880=CARTESIAN_POINT('',(1.47865053432296,0.459875,-4.34288443603827));
#881=CARTESIAN_POINT('',(1.47709836971393,0.577416666666667,-4.3307678957472));
#882=CARTESIAN_POINT('',(1.4752386028649,0.65,-4.31625014432635));
#883=CARTESIAN_POINT('',(1.47400819390495,0.65,-4.30664529980727));
#884=B_SPLINE_SURFACE_WITH_KNOTS('Surf_XUVKWDPMNY, TRF,Lower, 0, 1',2,3,((#885, #886, #887, #894, #895, #896, #897),(#888, #889, #890, #898, #899, #900, #901),(#891, #892, #893, #902, #903, #904, #905)),.UNSPECIFIED.,.F.,.F.,.F.,(3,3),(4,3,4),(0.,1.),(0.,1.,2.),.PIECEWISE_BEZIER_KNOTS.);
#885=CARTESIAN_POINT('',(1.477,0.,-4.33));
#886=CARTESIAN_POINT('',(1.477,0.,-4.33));
#887=CARTESIAN_POINT('',(1.477,0.,-4.33));
#888=CARTESIAN_POINT('',(1.47400819390495,-0.6175,-4.30664529980727));
#889=CARTESIAN_POINT('',(1.47415993540044,-0.6175,-4.30782982748767));
#890=CARTESIAN_POINT('',(1.474941034785,-0.548432977762184,-4.31392726206983));
#891=CARTESIAN_POINT('',(1.47400819390495,-0.65,-4.30664529980727));
#892=CARTESIAN_POINT('',(1.4752386028649,-0.65,-4.31625014432635));
#893=CARTESIAN_POINT('',(1.47709836971393,-0.577416666666667,-4.3307678957472));
#894=CARTESIAN_POINT('',(1.477,0.,-4.33));
#895=CARTESIAN_POINT('',(1.477,0.,-4.33));
#896=CARTESIAN_POINT('',(1.477,0.,-4.33));
#897=CARTESIAN_POINT('',(1.477,0.,-4.33));
#898=CARTESIAN_POINT('',(1.47573046631526,-0.436894029611437,-4.32008973922453));
#899=CARTESIAN_POINT('',(1.47651989784553,-0.32535508146069,-4.32625221637923));
#900=CARTESIAN_POINT('',(1.4773176615215,-0.171344207397012,-4.33247973610648));
#901=CARTESIAN_POINT('',(1.4773176615215,1.38777878078145E-17,-4.33247973610648));
#902=CARTESIAN_POINT('',(1.47865053432296,-0.459875,-4.34288443603827));
#903=CARTESIAN_POINT('',(1.480202698932,-0.342333333333333,-4.35500097632935));
#904=CARTESIAN_POINT('',(1.48144726130105,-0.179833333333333,-4.36471630549065));
#905=CARTESIAN_POINT('',(1.48144726130105,0.,-4.36471630549065));
#906=B_SPLINE_SURFACE_WITH_KNOTS('Surf_XUVKWDPMNY, TRF,Lower, 0, 2',2,3,((#907, #908, #909, #916, #917, #918, #919),(#910, #911, #912, #920, #921, #922, #923),(#913, #914, #915, #924, #925, #926, #927)),.UNSPECIFIED.,.F.,.F.,.F.,(3,3),(4,3,4),(0.,1.),(0.,1.,2.),.PIECEWISE_BEZIER_KNOTS.);
#907=CARTESIAN_POINT('',(1.477,0.,-4.33));
#908=CARTESIAN_POINT('',(1.477,0.,-4.33));
#909=CARTESIAN_POINT('',(1.477,0.,-4.33));
#910=CARTESIAN_POINT('',(1.4766823384785,2.04514767694108E-17,-4.32752026389352));
#911=CARTESIAN_POINT('',(1.4766823384785,-0.171344207397012,-4.32752026389352));
#912=CARTESIAN_POINT('',(1.47659940358692,-0.320513414794023,-4.32687285578394));
#913=CARTESIAN_POINT('',(1.47255273869895,0.,-4.29528369450935));
#914=CARTESIAN_POINT('',(1.47255273869895,-0.179833333333333,-4.29528369450935));
#915=CARTESIAN_POINT('',(1.47291660250045,-0.337491666666667,-4.29812409583383));
#916=CARTESIAN_POINT('',(1.477,0.,-4.33));
#917=CARTESIAN_POINT('',(1.477,0.,-4.33));
#918=CARTESIAN_POINT('',(1.477,0.,-4.33));
#919=CARTESIAN_POINT('',(1.477,0.,-4.33));
#920=CARTESIAN_POINT('',(1.47620053430965,-0.429631529611437,-4.32375919397205));
#921=CARTESIAN_POINT('',(1.47580166503238,-0.538749644428851,-4.32064553216016));
#922=CARTESIAN_POINT('',(1.47508686136941,-0.607816666666667,-4.31506561664596));
#923=CARTESIAN_POINT('',(1.47400819390495,-0.6175,-4.30664529980727));
#924=CARTESIAN_POINT('',(1.47328046630195,-0.4526125,-4.30096449715831));
#925=CARTESIAN_POINT('',(1.47364433010345,-0.567733333333333,-4.30380489848279));
#926=CARTESIAN_POINT('',(1.47400819390495,-0.640316666666667,-4.30664529980727));
#927=CARTESIAN_POINT('',(1.47400819390495,-0.65,-4.30664529980727));
#928=B_SPLINE_SURFACE_WITH_KNOTS('Surf_XUVKWDPMNY, TRF,Lower, 0, 3',2,3,((#929, #930, #931, #938, #939, #940, #941),(#932, #933, #934, #942, #943, #944, #945),(#935, #936, #937, #946, #947, #948, #949)),.UNSPECIFIED.,.F.,.F.,.F.,(3,3),(4,3,4),(0.,1.),(0.,1.,2.),.PIECEWISE_BEZIER_KNOTS.);
#929=CARTESIAN_POINT('',(1.477,0.,-4.33));
#930=CARTESIAN_POINT('',(1.477,0.,-4.33));
#931=CARTESIAN_POINT('',(1.477,0.,-4.33));
#932=CARTESIAN_POINT('',(1.47400819390495,0.6175,-4.30664529980727));
#933=CARTESIAN_POINT('',(1.47508686136941,0.607816666666667,-4.31506561664596));
#934=CARTESIAN_POINT('',(1.47580166503238,0.538749644428851,-4.32064553216016));
#935=CARTESIAN_POINT('',(1.47400819390495,0.65,-4.30664529980727));
#936=CARTESIAN_POINT('',(1.47400819390495,0.640316666666667,-4.30664529980727));
#937=CARTESIAN_POINT('',(1.47364433010345,0.567733333333333,-4.30380489848279));
#938=CARTESIAN_POINT('',(1.477,0.,-4.33));
#939=CARTESIAN_POINT('',(1.477,0.,-4.33));
#940=CARTESIAN_POINT('',(1.477,0.,-4.33));
#941=CARTESIAN_POINT('',(1.477,0.,-4.33));
#942=CARTESIAN_POINT('',(1.47620053430965,0.429631529611437,-4.32375919397205));
#943=CARTESIAN_POINT('',(1.47659940358692,0.320513414794023,-4.32687285578394));
#944=CARTESIAN_POINT('',(1.4766823384785,0.171344207397012,-4.32752026389352));
#945=CARTESIAN_POINT('',(1.4766823384785,2.04514767694108E-17,-4.32752026389352));
#946=CARTESIAN_POINT('',(1.47328046630195,0.4526125,-4.30096449715831));
#947=CARTESIAN_POINT('',(1.47291660250045,0.337491666666667,-4.29812409583383));
#948=CARTESIAN_POINT('',(1.47255273869895,0.179833333333333,-4.29528369450935));
#949=CARTESIAN_POINT('',(1.47255273869895,0.,-4.29528369450935));
#950=B_SPLINE_SURFACE_WITH_KNOTS('Surf_XUVKWDPMNY, TRF,Lower, 0, 4',3,3,((#951, #952, #953, #963, #964, #965, #966),(#954, #955, #956, #967, #968, #969, #970),(#957, #958, #959, #971, #972, #973, #974),(#960, #961, #962, #975, #976, #977, #978)),.UNSPECIFIED.,.F.,.F.,.F.,(4,4),(4,3,4),(0.,1.),(0.,1.,2.),.PIECEWISE_BEZIER_KNOTS.);
#951=CARTESIAN_POINT('',(1.48144726130105,0.,-4.36471630549065));
#952=CARTESIAN_POINT('',(1.48144726130105,0.179833333333333,-4.36471630549065));
#953=CARTESIAN_POINT('',(1.480202698932,0.342333333333333,-4.35500097632935));
#954=CARTESIAN_POINT('',(2.76972542093033,-1.85037170770859E-17,-4.53889834653443));
#955=CARTESIAN_POINT('',(2.76972542093033,0.271322876451371,-4.53889834653443));
#956=CARTESIAN_POINT('',(2.55370975364518,0.525312419569409,-4.48174688499023));
#957=CARTESIAN_POINT('',(5.6652720145112,-4.07081775695891E-16,-4.24005430860757));
#958=CARTESIAN_POINT('',(5.6652720145112,0.5018818739074,-4.24005430860757));
#959=CARTESIAN_POINT('',(5.67756995058459,1.05830539571691,-4.30119388498784));
#960=CARTESIAN_POINT('',(8.44503869680747,0.,-3.6339671560956));
#961=CARTESIAN_POINT('',(8.44503869680747,0.360533333333333,-3.6339671560956));
#962=CARTESIAN_POINT('',(8.4255281448987,0.775608314568773,-3.48166347198409));
#963=CARTESIAN_POINT('',(1.47865053432296,0.459875,-4.34288443603827));
#964=CARTESIAN_POINT('',(1.47709836971393,0.577416666666667,-4.3307678957472));
#965=CARTESIAN_POINT('',(1.4752386028649,0.65,-4.31625014432635));
#966=CARTESIAN_POINT('',(1.47400819390495,0.65,-4.30664529980727));
#967=CARTESIAN_POINT('',(2.31432355686731,0.645875714024911,-4.42335292650404));
#968=CARTESIAN_POINT('',(2.07493736008945,0.766439008480413,-4.36495896801786));
#969=CARTESIAN_POINT('',(1.81218063381889,0.753576054273379,-4.3053225125897));
#970=CARTESIAN_POINT('',(1.68159576003251,0.706077459772213,-4.28005271927861));
#971=CARTESIAN_POINT('',(5.72982108209437,1.52875739018816,-4.09589187751302));
#972=CARTESIAN_POINT('',(5.78207221360416,1.9992093846594,-3.89058987003819));
#973=CARTESIAN_POINT('',(5.87427654055035,2.38368985179239,-3.41884627870825));
#974=CARTESIAN_POINT('',(6.18201678868193,2.2790874097541,-3.27057162577431));
#975=CARTESIAN_POINT('',(8.40548063564761,1.10426247185316,-3.32516818007853));
#976=CARTESIAN_POINT('',(8.38543312639651,1.43291662913755,-3.16867288817298));
#977=CARTESIAN_POINT('',(8.36484865980309,1.67514996247088,-3.0079859884734));
#978=CARTESIAN_POINT('',(8.3627008304338,1.69,-2.99121955729726));
#979=B_SPLINE_SURFACE_WITH_KNOTS('Surf_XUVKWDPMNY, TRF,Lower, 0, 5',3,3,((#980, #981, #982, #992, #993, #994, #995),(#983, #984, #985, #996, #997, #998, #999),(#986, #987, #988, #1000, #1001, #1002, #1003),(#989, #990, #991, #1004, #1005, #1006, #1007)),.UNSPECIFIED.,.F.,.F.,.F.,(4,4),(4,3,4),(0.,1.),(0.,1.,2.),.PIECEWISE_BEZIER_KNOTS.);
#980=CARTESIAN_POINT('',(1.47400819390495,-0.65,-4.30664529980727));
#981=CARTESIAN_POINT('',(1.4752386028649,-0.65,-4.31625014432635));
#982=CARTESIAN_POINT('',(1.47709836971393,-0.577416666666667,-4.3307678957472));
#983=CARTESIAN_POINT('',(1.68159576003251,-0.706077459772213,-4.28005271927861));
#984=CARTESIAN_POINT('',(1.81218063381889,-0.753576054273379,-4.3053225125897));
#985=CARTESIAN_POINT('',(2.07493736008945,-0.766439008480413,-4.36495896801786));
#986=CARTESIAN_POINT('',(6.18201678868193,-2.2790874097541,-3.27057162577431));
#987=CARTESIAN_POINT('',(5.87427654055035,-2.38368985179239,-3.41884627870825));
#988=CARTESIAN_POINT('',(5.78207221360416,-1.9992093846594,-3.89058987003819));
#989=CARTESIAN_POINT('',(8.3627008304338,-1.69,-2.99121955729726));
#990=CARTESIAN_POINT('',(8.36484865980309,-1.67514996247088,-3.0079859884734));
#991=CARTESIAN_POINT('',(8.38543312639651,-1.43291662913755,-3.16867288817298));
#992=CARTESIAN_POINT('',(1.47865053432296,-0.459875,-4.34288443603827));
#993=CARTESIAN_POINT('',(1.480202698932,-0.342333333333333,-4.35500097632935));
#994=CARTESIAN_POINT('',(1.48144726130105,-0.179833333333333,-4.36471630549065));
#995=CARTESIAN_POINT('',(1.48144726130105,0.,-4.36471630549065));
#996=CARTESIAN_POINT('',(2.31432355686731,-0.645875714024911,-4.42335292650404));
#997=CARTESIAN_POINT('',(2.55370975364518,-0.525312419569409,-4.48174688499023));
#998=CARTESIAN_POINT('',(2.76972542093034,-0.271322876451371,-4.53889834653443));
#999=CARTESIAN_POINT('',(2.76972542093033,-1.85037170770859E-17,-4.53889834653443));
#1000=CARTESIAN_POINT('',(5.72982108209437,-1.52875739018816,-4.09589187751302));
#1001=CARTESIAN_POINT('',(5.67756995058459,-1.05830539571691,-4.30119388498785));
#1002=CARTESIAN_POINT('',(5.6652720145112,-0.501881873907401,-4.24005430860757));
#1003=CARTESIAN_POINT('',(5.6652720145112,-4.07081775695891E-16,-4.24005430860757));
#1004=CARTESIAN_POINT('',(8.40548063564761,-1.10426247185316,-3.32516818007853));
#1005=CARTESIAN_POINT('',(8.4255281448987,-0.775608314568773,-3.48166347198409));
#1006=CARTESIAN_POINT('',(8.44503869680747,-0.360533333333333,-3.6339671560956));
#1007=CARTESIAN_POINT('',(8.44503869680747,0.,-3.6339671560956));
#1008=B_SPLINE_SURFACE_WITH_KNOTS('Surf_XUVKWDPMNY, TRF,Lower, 0, 6',3,3,((#1009, #1010, #1011, #1021, #1022, #1023, #1024),(#1012, #1013, #1014, #1025, #1026, #1027, #1028),(#1015, #1016, #1017, #1029, #1030, #1031, #1032),(#1018, #1019, #1020, #1033, #1034, #1035, #1036)),.UNSPECIFIED.,.F.,.F.,.F.,(4,4),(4,3,4),(0.,1.),(0.,1.,2.),.PIECEWISE_BEZIER_KNOTS.);
#1009=CARTESIAN_POINT('',(1.47255273869895,0.,-4.29528369450935));
#1010=CARTESIAN_POINT('',(1.47255273869895,-0.179833333333333,-4.29528369450935));
#1011=CARTESIAN_POINT('',(1.47291660250045,-0.337491666666667,-4.29812409583383));
#1012=CARTESIAN_POINT('',(1.68726576530383,1.17750926854183E-17,-4.32431403468331));
#1013=CARTESIAN_POINT('',(1.68726576530383,-0.176325687449039,-4.32431403468331));
#1014=CARTESIAN_POINT('',(1.62157769622217,-0.330476374898077,-4.30529930768378));
#1015=CARTESIAN_POINT('',(8.3092420640577,-1.98317350491256E-17,-3.41764406056706));
#1016=CARTESIAN_POINT('',(8.3092420640577,-0.422400248105914,-3.41764406056706));
#1017=CARTESIAN_POINT('',(7.91956843209524,-0.728668829545162,-3.42012800523128));
#1018=CARTESIAN_POINT('',(8.41073125248511,0.,-3.36615565659629));
#1019=CARTESIAN_POINT('',(8.41073125248511,-0.519956666666667,-3.36615565659629));
#1020=CARTESIAN_POINT('',(8.39872364697228,-0.923781666666667,-3.27242163177154));
#1021=CARTESIAN_POINT('',(1.47328046630195,-0.4526125,-4.30096449715831));
#1022=CARTESIAN_POINT('',(1.47364433010345,-0.567733333333333,-4.30380489848279));
#1023=CARTESIAN_POINT('',(1.47400819390495,-0.640316666666667,-4.30664529980727));
#1024=CARTESIAN_POINT('',(1.47400819390495,-0.65,-4.30664529980727));
#1025=CARTESIAN_POINT('',(1.58782157869773,-0.448618836020246,-4.29031774163461));
#1026=CARTESIAN_POINT('',(1.5540654611733,-0.566761297142415,-4.27533617558543));
#1027=CARTESIAN_POINT('',(1.55224129520609,-0.648895531937713,-4.26438777048661));
#1028=CARTESIAN_POINT('',(1.68159576003251,-0.706077459772213,-4.28005271927861));
#1029=CARTESIAN_POINT('',(7.46523413262651,-1.15364000006536,-3.35048284109364));
#1030=CARTESIAN_POINT('',(7.01089983315779,-1.57861117058555,-3.280837676956));
#1031=CARTESIAN_POINT('',(6.49190486618281,-2.12228493018669,-3.1390634040165));
#1032=CARTESIAN_POINT('',(6.18201678868193,-2.2790874097541,-3.27057162577431));
#1033=CARTESIAN_POINT('',(8.38671604145945,-1.206955,-3.17868760694678));
#1034=CARTESIAN_POINT('',(8.37470843594662,-1.49012833333333,-3.08495358212202));
#1035=CARTESIAN_POINT('',(8.3627008304338,-1.65265,-2.99121955729726));
#1036=CARTESIAN_POINT('',(8.3627008304338,-1.69,-2.99121955729726));
#1037=B_SPLINE_SURFACE_WITH_KNOTS('Surf_XUVKWDPMNY, TRF,Lower, 0, 7',3,3,((#1038, #1039, #1040, #1050, #1051, #1052, #1053),(#1041, #1042, #1043, #1054, #1055, #1056, #1057),(#1044, #1045, #1046, #1058, #1059, #1060, #1061),(#1047, #1048, #1049, #1062, #1063, #1064, #1065)),.UNSPECIFIED.,.F.,.F.,.F.,(4,4),(4,3,4),(0.,1.),(0.,1.,2.),.PIECEWISE_BEZIER_KNOTS.);
#1038=CARTESIAN_POINT('',(1.47400819390495,0.65,-4.30664529980727));
#1039=CARTESIAN_POINT('',(1.47400819390495,0.640316666666667,-4.30664529980727));
#1040=CARTESIAN_POINT('',(1.47364433010345,0.567733333333333,-4.30380489848279));
#1041=CARTESIAN_POINT('',(1.68159576003251,0.706077459772213,-4.28005271927861));
#1042=CARTESIAN_POINT('',(1.55224129520609,0.648895531937713,-4.26438777048661));
#1043=CARTESIAN_POINT('',(1.5540654611733,0.566761297142415,-4.27533617558543));
#1044=CARTESIAN_POINT('',(6.18201678868193,2.2790874097541,-3.27057162577431));
#1045=CARTESIAN_POINT('',(6.49190486618281,2.12228493018669,-3.1390634040165));
#1046=CARTESIAN_POINT('',(7.01089983315779,1.57861117058555,-3.280837676956));
#1047=CARTESIAN_POINT('',(8.3627008304338,1.69,-2.99121955729726));
#1048=CARTESIAN_POINT('',(8.3627008304338,1.65265,-2.99121955729726));
#1049=CARTESIAN_POINT('',(8.37470843594662,1.49012833333333,-3.08495358212202));
#1050=CARTESIAN_POINT('',(1.47328046630195,0.4526125,-4.30096449715831));
#1051=CARTESIAN_POINT('',(1.47291660250045,0.337491666666667,-4.29812409583383));
#1052=CARTESIAN_POINT('',(1.47255273869895,0.179833333333333,-4.29528369450935));
#1053=CARTESIAN_POINT('',(1.47255273869895,0.,-4.29528369450935));
#1054=CARTESIAN_POINT('',(1.58782157869773,0.448618836020246,-4.29031774163461));
#1055=CARTESIAN_POINT('',(1.62157769622217,0.330476374898078,-4.30529930768378));
#1056=CARTESIAN_POINT('',(1.68726576530383,0.176325687449039,-4.32431403468331));
#1057=CARTESIAN_POINT('',(1.68726576530383,1.17750926854183E-17,-4.32431403468331));
#1058=CARTESIAN_POINT('',(7.46523413262651,1.15364000006536,-3.35048284109364));
#1059=CARTESIAN_POINT('',(7.91956843209524,0.728668829545162,-3.42012800523128));
#1060=CARTESIAN_POINT('',(8.3092420640577,0.422400248105914,-3.41764406056706));
#1061=CARTESIAN_POINT('',(8.3092420640577,-1.98317350491256E-17,-3.41764406056706));
#1062=CARTESIAN_POINT('',(8.38671604145945,1.206955,-3.17868760694678));
#1063=CARTESIAN_POINT('',(8.39872364697228,0.923781666666667,-3.27242163177154));
#1064=CARTESIAN_POINT('',(8.41073125248511,0.519956666666667,-3.36615565659629));
#1065=CARTESIAN_POINT('',(8.41073125248511,0.,-3.36615565659629));
#1066=B_SPLINE_SURFACE_WITH_KNOTS('Surf_XUVKWDPMNY, TRF,Lower, 0, 8',3,3,((#1067, #1068, #1069, #1079, #1080, #1081, #1082),(#1070, #1071, #1072, #1083, #1084, #1085, #1086),(#1073, #1074, #1075, #1087, #1088, #1089, #1090),(#1076, #1077, #1078, #1091, #1092, #1093, #1094)),.UNSPECIFIED.,.F.,.F.,.F.,(4,4),(4,3,4),(0.,1.),(0.,1.,2.),.PIECEWISE_BEZIER_KNOTS.);
#1067=CARTESIAN_POINT('',(8.44503869680747,0.,-3.6339671560956));
#1068=CARTESIAN_POINT('',(8.44503869680747,0.360533333333333,-3.6339671560956));
#1069=CARTESIAN_POINT('',(8.4255281448987,0.775608314568773,-3.48166347198409));
#1070=CARTESIAN_POINT('',(9.00099203326672,8.32667268468867E-17,-3.51274972559321));
#1071=CARTESIAN_POINT('',(9.00099203326672,0.330905993885901,-3.51274972559321));
#1072=CARTESIAN_POINT('',(9.09148488982949,0.716353635673909,-3.26716119583069));
#1073=CARTESIAN_POINT('',(9.57170781513191,9.25185853854297E-18,-3.26076164785466));
#1074=CARTESIAN_POINT('',(9.57170781513191,0.194512192311451,-3.26076164785466));
#1075=CARTESIAN_POINT('',(9.59455150345074,0.415146047814649,-3.31531074919867));
#1076=CARTESIAN_POINT('',(9.79684217993912,0.,-3.1684273157026));
#1077=CARTESIAN_POINT('',(9.79684217993912,0.155003333333333,-3.1684273157026));
#1078=CARTESIAN_POINT('',(9.7946585916176,0.336128329858415,-3.15138174223516));
#1079=CARTESIAN_POINT('',(8.40548063564761,1.10426247185316,-3.32516818007853));
#1080=CARTESIAN_POINT('',(8.38543312639651,1.43291662913755,-3.16867288817298));
#1081=CARTESIAN_POINT('',(8.36484865980309,1.67514996247088,-3.0079859884734));
#1082=CARTESIAN_POINT('',(8.3627008304338,1.69,-2.99121955729726));
#1083=CARTESIAN_POINT('',(9.17366049583495,0.982390297725559,-3.10389398196463));
#1084=CARTESIAN_POINT('',(9.25583610184042,1.24842695977721,-2.94062676809857));
#1085=CARTESIAN_POINT('',(9.32969445728859,1.3950526420925,-2.85968087012897));
#1086=CARTESIAN_POINT('',(9.26484033727158,1.44629709983434,-2.87565282114252));
#1087=CARTESIAN_POINT('',(9.62812783804951,0.611662049761641,-3.28815515377654));
#1088=CARTESIAN_POINT('',(9.66170417264827,0.808178051708633,-3.26099955835441));
#1089=CARTESIAN_POINT('',(9.70601315352696,0.980576200099418,-3.15213926616613));
#1090=CARTESIAN_POINT('',(9.70476201696883,0.958658537724571,-3.10461017204874));
#1091=CARTESIAN_POINT('',(9.7923755667512,0.479189994787622,-3.13355994510216));
#1092=CARTESIAN_POINT('',(9.7900925418848,0.622251659716829,-3.11573814796916));
#1093=CARTESIAN_POINT('',(9.78771008047352,0.727249993050163,-3.0971401271706));
#1094=CARTESIAN_POINT('',(9.78731233429402,0.73,-3.09403523250835));
#1095=B_SPLINE_SURFACE_WITH_KNOTS('Surf_XUVKWDPMNY, TRF,Lower, 0, 9',3,3,((#1096, #1097, #1098, #1108, #1109, #1110, #1111),(#1099, #1100, #1101, #1112, #1113, #1114, #1115),(#1102, #1103, #1104, #1116, #1117, #1118, #1119),(#1105, #1106, #1107, #1120, #1121, #1122, #1123)),.UNSPECIFIED.,.F.,.F.,.F.,(4,4),(4,3,4),(0.,1.),(0.,1.,2.),.PIECEWISE_BEZIER_KNOTS.);
#1096=CARTESIAN_POINT('',(8.3627008304338,-1.69,-2.99121955729726));
#1097=CARTESIAN_POINT('',(8.36484865980309,-1.67514996247088,-3.0079859884734));
#1098=CARTESIAN_POINT('',(8.38543312639651,-1.43291662913755,-3.16867288817298));
#1099=CARTESIAN_POINT('',(9.26484033727158,-1.44629709983434,-2.87565282114252));
#1100=CARTESIAN_POINT('',(9.32969445728859,-1.3950526420925,-2.85968087012897));
#1101=CARTESIAN_POINT('',(9.25583610184042,-1.24842695977721,-2.94062676809857));
#1102=CARTESIAN_POINT('',(9.70476201696883,-0.958658537724571,-3.10461017204874));
#1103=CARTESIAN_POINT('',(9.70601315352696,-0.980576200099418,-3.15213926616613));
#1104=CARTESIAN_POINT('',(9.66170417264827,-0.808178051708633,-3.26099955835441));
#1105=CARTESIAN_POINT('',(9.78731233429402,-0.73,-3.09403523250835));
#1106=CARTESIAN_POINT('',(9.78771008047352,-0.727249993050163,-3.0971401271706));
#1107=CARTESIAN_POINT('',(9.7900925418848,-0.622251659716829,-3.11573814796916));
#1108=CARTESIAN_POINT('',(8.40548063564761,-1.10426247185316,-3.32516818007853));
#1109=CARTESIAN_POINT('',(8.4255281448987,-0.775608314568773,-3.48166347198409));
#1110=CARTESIAN_POINT('',(8.44503869680747,-0.360533333333333,-3.6339671560956));
#1111=CARTESIAN_POINT('',(8.44503869680747,0.,-3.6339671560956));
#1112=CARTESIAN_POINT('',(9.17366049583495,-0.982390297725559,-3.10389398196463));
#1113=CARTESIAN_POINT('',(9.09148488982949,-0.716353635673909,-3.26716119583069));
#1114=CARTESIAN_POINT('',(9.00099203326672,-0.330905993885901,-3.51274972559321));
#1115=CARTESIAN_POINT('',(9.00099203326672,8.32667268468867E-17,-3.51274972559321));
#1116=CARTESIAN_POINT('',(9.62812783804951,-0.611662049761641,-3.28815515377654));
#1117=CARTESIAN_POINT('',(9.59455150345074,-0.415146047814649,-3.31531074919867));
#1118=CARTESIAN_POINT('',(9.57170781513191,-0.19451219231145,-3.26076164785466));
#1119=CARTESIAN_POINT('',(9.57170781513191,9.25185853854297E-18,-3.26076164785466));
#1120=CARTESIAN_POINT('',(9.7923755667512,-0.479189994787622,-3.13355994510216));
#1121=CARTESIAN_POINT('',(9.7946585916176,-0.336128329858415,-3.15138174223516));
#1122=CARTESIAN_POINT('',(9.79684217993912,-0.155003333333333,-3.1684273157026));
#1123=CARTESIAN_POINT('',(9.79684217993912,0.,-3.1684273157026));
#1124=B_SPLINE_SURFACE_WITH_KNOTS('Surf_XUVKWDPMNY, TRF,Lower, 0, 10',3,3,((#1125, #1126, #1127, #1137, #1138, #1139, #1140),(#1128, #1129, #1130, #1141, #1142, #1143, #1144),(#1131, #1132, #1133, #1145, #1146, #1147, #1148),(#1134, #1135, #1136, #1149, #1150, #1151, #1152)),.UNSPECIFIED.,.F.,.F.,.F.,(4,4),(4,3,4),(0.,1.),(0.,1.,2.),.PIECEWISE_BEZIER_KNOTS.);
#1125=CARTESIAN_POINT('',(8.41073125248511,0.,-3.36615565659629));
#1126=CARTESIAN_POINT('',(8.41073125248511,-0.519956666666667,-3.36615565659629));
#1127=CARTESIAN_POINT('',(8.39872364697228,-0.923781666666667,-3.27242163177154));
#1128=CARTESIAN_POINT('',(8.41073125248511,9.9158675245628E-18,-3.36615565659629));
#1129=CARTESIAN_POINT('',(8.41073125248511,-0.563118167644658,-3.36615565659629));
#1130=CARTESIAN_POINT('',(8.59858485173029,-1.01010466862265,-3.21674321743841));
#1131=CARTESIAN_POINT('',(9.74707661349744,-2.4789668811407E-18,-3.1408283551298));
#1132=CARTESIAN_POINT('',(9.74707661349744,-0.214770186995415,-3.1408283551298));
#1133=CARTESIAN_POINT('',(9.67744911902895,-0.387443707324164,-3.10469007499337));
#1134=CARTESIAN_POINT('',(9.79048894950905,0.,-3.1188325935731));
#1135=CARTESIAN_POINT('',(9.79048894950905,-0.224596666666667,-3.1188325935731));
#1136=CARTESIAN_POINT('',(9.78925536393388,-0.407096666666667,-3.10920295169296));
#1137=CARTESIAN_POINT('',(8.38671604145945,-1.206955,-3.17868760694678));
#1138=CARTESIAN_POINT('',(8.37470843594662,-1.49012833333333,-3.08495358212202));
#1139=CARTESIAN_POINT('',(8.3627008304338,-1.65265,-2.99121955729726));
#1140=CARTESIAN_POINT('',(8.3627008304338,-1.69,-2.99121955729726));
#1141=CARTESIAN_POINT('',(8.79643555026498,-1.23066050672325,-3.10230210412239));
#1142=CARTESIAN_POINT('',(8.99428624879967,-1.45121634482384,-2.98786099080637));
#1143=CARTESIAN_POINT('',(9.20213404662386,-1.44534152004705,-2.90839120333221));
#1144=CARTESIAN_POINT('',(9.26484033727158,-1.44629709983434,-2.87565282114252));
#1145=CARTESIAN_POINT('',(9.66643740641643,-0.567248877675282,-3.08281432855234));
#1146=CARTESIAN_POINT('',(9.65542569380392,-0.7470540480264,-3.06093858211132));
#1147=CARTESIAN_POINT('',(9.70302976304738,-0.933990868399887,-3.05332536936569));
#1148=CARTESIAN_POINT('',(9.70476201696883,-0.958658537724571,-3.10461017204874));
#1149=CARTESIAN_POINT('',(9.78824149424442,-0.5334475,-3.10128846061979));
#1150=CARTESIAN_POINT('',(9.78722762455495,-0.659798333333333,-3.09337396954662));
#1151=CARTESIAN_POINT('',(9.7864334707512,-0.73,-3.08717462928044));
#1152=CARTESIAN_POINT('',(9.78731233429402,-0.73,-3.09403523250835));
#1153=B_SPLINE_SURFACE_WITH_KNOTS('Surf_XUVKWDPMNY, TRF,Lower, 0, 11',3,3,((#1154, #1155, #1156, #1166, #1167, #1168, #1169),(#1157, #1158, #1159, #1170, #1171, #1172, #1173),(#1160, #1161, #1162, #1174, #1175, #1176, #1177),(#1163, #1164, #1165, #1178, #1179, #1180, #1181)),.UNSPECIFIED.,.F.,.F.,.F.,(4,4),(4,3,4),(0.,1.),(0.,1.,2.),.PIECEWISE_BEZIER_KNOTS.);
#1154=CARTESIAN_POINT('',(8.3627008304338,1.69,-2.99121955729726));
#1155=CARTESIAN_POINT('',(8.36270083043379,1.65265,-2.99121955729726));
#1156=CARTESIAN_POINT('',(8.37470843594662,1.49012833333333,-3.08495358212202));
#1157=CARTESIAN_POINT('',(9.26484033727158,1.44629709983434,-2.87565282114252));
#1158=CARTESIAN_POINT('',(9.20213404662386,1.44534152004705,-2.90839120333221));
#1159=CARTESIAN_POINT('',(8.99428624879967,1.45121634482384,-2.98786099080637));
#1160=CARTESIAN_POINT('',(9.70476201696883,0.958658537724571,-3.10461017204874));
#1161=CARTESIAN_POINT('',(9.70302976304738,0.933990868399887,-3.05332536936569));
#1162=CARTESIAN_POINT('',(9.65542569380392,0.7470540480264,-3.06093858211132));
#1163=CARTESIAN_POINT('',(9.78731233429402,0.73,-3.09403523250835));
#1164=CARTESIAN_POINT('',(9.7864334707512,0.73,-3.08717462928044));
#1165=CARTESIAN_POINT('',(9.78722762455495,0.659798333333333,-3.09337396954662));
#1166=CARTESIAN_POINT('',(8.38671604145945,1.206955,-3.17868760694678));
#1167=CARTESIAN_POINT('',(8.39872364697228,0.923781666666667,-3.27242163177154));
#1168=CARTESIAN_POINT('',(8.41073125248511,0.519956666666667,-3.36615565659629));
#1169=CARTESIAN_POINT('',(8.41073125248511,0.,-3.36615565659629));
#1170=CARTESIAN_POINT('',(8.79643555026498,1.23066050672325,-3.10230210412239));
#1171=CARTESIAN_POINT('',(8.59858485173029,1.01010466862265,-3.21674321743841));
#1172=CARTESIAN_POINT('',(8.41073125248511,0.563118167644658,-3.36615565659629));
#1173=CARTESIAN_POINT('',(8.41073125248511,9.9158675245628E-18,-3.36615565659629));
#1174=CARTESIAN_POINT('',(9.66643740641643,0.567248877675282,-3.08281432855234));
#1175=CARTESIAN_POINT('',(9.67744911902895,0.387443707324164,-3.10469007499337));
#1176=CARTESIAN_POINT('',(9.74707661349744,0.214770186995415,-3.1408283551298));
#1177=CARTESIAN_POINT('',(9.74707661349744,-2.4789668811407E-18,-3.1408283551298));
#1178=CARTESIAN_POINT('',(9.78824149424442,0.5334475,-3.10128846061979));
#1179=CARTESIAN_POINT('',(9.78925536393388,0.407096666666666,-3.10920295169296));
#1180=CARTESIAN_POINT('',(9.79048894950905,0.224596666666667,-3.1188325935731));
#1181=CARTESIAN_POINT('',(9.79048894950905,0.,-3.1188325935731));
#1182=B_SPLINE_SURFACE_WITH_KNOTS('Surf_XUVKWDPMNY, TRF,Lower, 0, 12',1,3,((#1183, #1184, #1185, #1189, #1190, #1191, #1192),(#1186, #1187, #1188, #1193, #1194, #1195, #1196)),.UNSPECIFIED.,.F.,.F.,.F.,(2,2),(4,3,4),(0.,1.),(0.,1.,2.),.PIECEWISE_BEZIER_KNOTS.);
#1183=CARTESIAN_POINT('',(9.79684217993912,0.,-3.1684273157026));
#1184=CARTESIAN_POINT('',(9.79684217993912,0.155003333333333,-3.1684273157026));
#1185=CARTESIAN_POINT('',(9.7946585916176,0.336128329858415,-3.15138174223516));
#1186=CARTESIAN_POINT('',(9.79366556472409,0.,-3.14362995463785));
#1187=CARTESIAN_POINT('',(9.79366556472409,0.,-3.14362995463785));
#1188=CARTESIAN_POINT('',(9.79366556472409,0.,-3.14362995463785));
#1189=CARTESIAN_POINT('',(9.7923755667512,0.479189994787622,-3.13355994510216));
#1190=CARTESIAN_POINT('',(9.7900925418848,0.622251659716829,-3.11573814796916));
#1191=CARTESIAN_POINT('',(9.78771008047352,0.727249993050163,-3.0971401271706));
#1192=CARTESIAN_POINT('',(9.78731233429402,0.73,-3.09403523250835));
#1193=CARTESIAN_POINT('',(9.79366556472409,0.,-3.14362995463785));
#1194=CARTESIAN_POINT('',(9.79366556472409,0.,-3.14362995463785));
#1195=CARTESIAN_POINT('',(9.79366556472409,0.,-3.14362995463785));
#1196=CARTESIAN_POINT('',(9.79366556472409,0.,-3.14362995463785));
#1197=B_SPLINE_SURFACE_WITH_KNOTS('Surf_XUVKWDPMNY, TRF,Lower, 0, 13',1,3,((#1198, #1199, #1200, #1204, #1205, #1206, #1207),(#1201, #1202, #1203, #1208, #1209, #1210, #1211)),.UNSPECIFIED.,.F.,.F.,.F.,(2,2),(4,3,4),(0.,1.),(0.,1.,2.),.PIECEWISE_BEZIER_KNOTS.);
#1198=CARTESIAN_POINT('',(9.78731233429402,-0.73,-3.09403523250835));
#1199=CARTESIAN_POINT('',(9.78771008047352,-0.727249993050163,-3.0971401271706));
#1200=CARTESIAN_POINT('',(9.7900925418848,-0.622251659716829,-3.11573814796916));
#1201=CARTESIAN_POINT('',(9.79366556472409,0.,-3.14362995463785));
#1202=CARTESIAN_POINT('',(9.79366556472409,0.,-3.14362995463785));
#1203=CARTESIAN_POINT('',(9.79366556472409,0.,-3.14362995463785));
#1204=CARTESIAN_POINT('',(9.7923755667512,-0.479189994787622,-3.13355994510216));
#1205=CARTESIAN_POINT('',(9.7946585916176,-0.336128329858415,-3.15138174223516));
#1206=CARTESIAN_POINT('',(9.79684217993912,-0.155003333333333,-3.1684273157026));
#1207=CARTESIAN_POINT('',(9.79684217993912,0.,-3.1684273157026));
#1208=CARTESIAN_POINT('',(9.79366556472409,0.,-3.14362995463785));
#1209=CARTESIAN_POINT('',(9.79366556472409,0.,-3.14362995463785));
#1210=CARTESIAN_POINT('',(9.79366556472409,0.,-3.14362995463785));
#1211=CARTESIAN_POINT('',(9.79366556472409,0.,-3.14362995463785));
#1212=B_SPLINE_SURFACE_WITH_KNOTS('Surf_XUVKWDPMNY, TRF,Lower, 0, 14',1,3,((#1213, #1214, #1215, #1219, #1220, #1221, #1222),(#1216, #1217, #1218, #1223, #1224, #1225, #1226)),.UNSPECIFIED.,.F.,.F.,.F.,(2,2),(4,3,4),(0.,1.),(0.,1.,2.),.PIECEWISE_BEZIER_KNOTS.);
#1213=CARTESIAN_POINT('',(9.79048894950905,0.,-3.1188325935731));
#1214=CARTESIAN_POINT('',(9.79048894950905,-0.224596666666667,-3.1188325935731));
#1215=CARTESIAN_POINT('',(9.78925536393388,-0.407096666666667,-3.10920295169296));
#1216=CARTESIAN_POINT('',(9.79366556472409,0.,-3.14362995463785));
#1217=CARTESIAN_POINT('',(9.79366556472409,0.,-3.14362995463785));
#1218=CARTESIAN_POINT('',(9.79366556472409,0.,-3.14362995463785));
#1219=CARTESIAN_POINT('',(9.78824149424442,-0.5334475,-3.10128846061979));
#1220=CARTESIAN_POINT('',(9.78722762455495,-0.659798333333333,-3.09337396954662));
#1221=CARTESIAN_POINT('',(9.7864334707512,-0.73,-3.08717462928044));
#1222=CARTESIAN_POINT('',(9.78731233429402,-0.73,-3.09403523250835));
#1223=CARTESIAN_POINT('',(9.79366556472409,0.,-3.14362995463785));
#1224=CARTESIAN_POINT('',(9.79366556472409,0.,-3.14362995463785));
#1225=CARTESIAN_POINT('',(9.79366556472409,0.,-3.14362995463785));
#1226=CARTESIAN_POINT('',(9.79366556472409,0.,-3.14362995463785));
#1227=B_SPLINE_SURFACE_WITH_KNOTS('Surf_XUVKWDPMNY, TRF,Lower, 0, 15',1,3,((#1228, #1229, #1230, #1234, #1235, #1236, #1237),(#1231, #1232, #1233, #1238, #1239, #1240, #1241)),.UNSPECIFIED.,.F.,.F.,.F.,(2,2),(4,3,4),(0.,1.),(0.,1.,2.),.PIECEWISE_BEZIER_KNOTS.);
#1228=CARTESIAN_POINT('',(9.78731233429402,0.73,-3.09403523250835));
#1229=CARTESIAN_POINT('',(9.7864334707512,0.73,-3.08717462928044));
#1230=CARTESIAN_POINT('',(9.78722762455495,0.659798333333333,-3.09337396954662));
#1231=CARTESIAN_POINT('',(9.79366556472409,0.,-3.14362995463785));
#1232=CARTESIAN_POINT('',(9.79366556472409,0.,-3.14362995463785));
#1233=CARTESIAN_POINT('',(9.79366556472409,0.,-3.14362995463785));
#1234=CARTESIAN_POINT('',(9.78824149424442,0.5334475,-3.10128846061979));
#1235=CARTESIAN_POINT('',(9.78925536393388,0.407096666666666,-3.10920295169296));
#1236=CARTESIAN_POINT('',(9.79048894950905,0.224596666666667,-3.1188325935731));
#1237=CARTESIAN_POINT('',(9.79048894950905,0.,-3.1188325935731));
#1238=CARTESIAN_POINT('',(9.79366556472409,0.,-3.14362995463785));
#1239=CARTESIAN_POINT('',(9.79366556472409,0.,-3.14362995463785));
#1240=CARTESIAN_POINT('',(9.79366556472409,0.,-3.14362995463785));
#1241=CARTESIAN_POINT('',(9.79366556472409,0.,-3.14362995463785));
#1242=GEOMETRIC_SET('XUVKWDPMNY, TRF,Lower, 0',(#862,#884,#906,#928,#950,#979,#1008,#1037,#1066,#1095,#1124,#1153,#1182,#1197,#1212,#1227));
#1243=GEOMETRICALLY_BOUNDED_SURFACE_SHAPE_REPRESENTATION('',(#1242),#12);
#1244=SHAPE_REPRESENTATION_RELATIONSHIP('','',#26,#1243);
#1245=B_SPLINE_SURFACE_WITH_KNOTS('Surf_MWRRJKCYOJ, Core, 0, 0',3,3,((#1246, #1247, #1248, #1255, #1256, #1257, #1258),(#1249, #1250, #1251, #1259, #1260, #1261, #1262),(#1252, #1253, #1254, #1263, #1264, #1265, #1266),(#1267, #1268, #1269, #1276, #1277, #1278, #1279),(#1270, #1271, #1272, #1280, #1281, #1282, #1283),(#1273, #1274, #1275, #1284, #1285, #1286, #1287),(#1288, #1289, #1290, #1297, #1298, #1299, #1300),(#1291, #1292, #1293, #1301, #1302, #1303, #1304),(#1294, #1295, #1296, #1305, #1306, #1307, #1308),(#1309, #1310, #1311, #1321, #1322, #1323, #1324),(#1312, #1313, #1314, #1325, #1326, #1327, #1328),(#1315, #1316, #1317, #1329, #1330, #1331, #1332),(#1318, #1319, #1320, #1333, #1334, #1335, #1336)),.UNSPECIFIED.,.F.,.F.,.F.,(4,3,3,3,4),(4,3,4),(0.,1.,2.,3.,4.),(0.,1.,2.),.PIECEWISE_BEZIER_KNOTS.);
#1246=CARTESIAN_POINT('',(-1.9,0.,1.48029736616688E-16));
#1247=CARTESIAN_POINT('',(-1.9,0.,1.48029736616688E-16));
#1248=CARTESIAN_POINT('',(-1.9,-7.40148683083438E-17,0.));
#1249=CARTESIAN_POINT('',(-1.9,-1.11022302462516E-16,-0.715697018452796));
#1250=CARTESIAN_POINT('',(-1.9,0.178924254613199,-0.715697018452796));
#1251=CARTESIAN_POINT('',(-1.9,0.357848509226398,-0.626234891146197));
#1252=CARTESIAN_POINT('',(-0.699411640997115,0.,-1.));
#1253=CARTESIAN_POINT('',(-0.699411640997115,0.275957512246755,-1.));
#1254=CARTESIAN_POINT('',(-0.699411640997115,0.525957512246755,-0.887978756123378));
#1255=CARTESIAN_POINT('',(-1.9,0.,0.));
#1256=CARTESIAN_POINT('',(-1.9,-7.40148683083438E-17,7.40148683083438E-17));
#1257=CARTESIAN_POINT('',(-1.9,0.,3.70074341541719E-17));
#1258=CARTESIAN_POINT('',(-1.9,0.,0.));
#1259=CARTESIAN_POINT('',(-1.9,0.492041700186297,-0.492041700186297));
#1260=CARTESIAN_POINT('',(-1.9,0.626234891146197,-0.357848509226398));
#1261=CARTESIAN_POINT('',(-1.9,0.715697018452796,-0.178924254613199));
#1262=CARTESIAN_POINT('',(-1.9,0.715697018452796,0.));
#1263=CARTESIAN_POINT('',(-0.699411640997115,0.706968134185066,-0.706968134185066));
#1264=CARTESIAN_POINT('',(-0.699411640997115,0.887978756123378,-0.525957512246755));
#1265=CARTESIAN_POINT('',(-0.699411640997115,1.,-0.275957512246755));
#1266=CARTESIAN_POINT('',(-0.699411640997115,1.,0.));
#1267=CARTESIAN_POINT('',(-2.22044604925031E-16,0.,-1.));
#1268=CARTESIAN_POINT('',(-2.22044604925031E-16,0.275957512246755,-1.));
#1269=CARTESIAN_POINT('',(2.22044604925031E-16,0.525957512246755,-0.887978756123378));
#1270=CARTESIAN_POINT('',(0.65659052011974,0.,-1.));
#1271=CARTESIAN_POINT('',(0.656590520119741,0.275957512246755,-1.));
#1272=CARTESIAN_POINT('',(0.65659052011974,0.525957512246755,-0.887978756123378));
#1273=CARTESIAN_POINT('',(1.14380945708464,5.78241158658936E-18,-1.77708532130819));
#1274=CARTESIAN_POINT('',(1.14380945708464,0.490738119176309,-1.77708532130819));
#1275=CARTESIAN_POINT('',(1.14380945708464,0.934752716308458,-1.5779263173744));
#1276=CARTESIAN_POINT('',(2.22044604925031E-16,0.706968134185066,-0.706968134185066));
#1277=CARTESIAN_POINT('',(2.22044604925031E-16,0.887978756123378,-0.525957512246755));
#1278=CARTESIAN_POINT('',(-2.22044604925031E-16,1.,-0.275957512246755));
#1279=CARTESIAN_POINT('',(-2.22044604925031E-16,1.,0.));
#1280=CARTESIAN_POINT('',(0.65659052011974,0.706968134185066,-0.706968134185066));
#1281=CARTESIAN_POINT('',(0.65659052011974,0.887978756123378,-0.525957512246755));
#1282=CARTESIAN_POINT('',(0.65659052011974,1.,-0.275957512246755));
#1283=CARTESIAN_POINT('',(0.656590520119741,1.,0.));
#1284=CARTESIAN_POINT('',(1.14380945708464,1.25633951684143,-1.25633951684143));
#1285=CARTESIAN_POINT('',(1.14380945708464,1.5779263173744,-0.934752716308458));
#1286=CARTESIAN_POINT('',(1.14380945708464,1.77708532130819,-0.490738119176309));
#1287=CARTESIAN_POINT('',(1.14380945708464,1.77708532130819,0.));
#1288=CARTESIAN_POINT('',(1.8,0.,-1.8));
#1289=CARTESIAN_POINT('',(1.8,0.496723522044159,-1.8));
#1290=CARTESIAN_POINT('',(1.8,0.946723522044159,-1.59836176102208));
#1291=CARTESIAN_POINT('',(4.42476217166146,-2.31296463463574E-17,-1.89165871476725));
#1292=CARTESIAN_POINT('',(4.42476217166146,0.520665133515561,-1.89165871476725));
#1293=CARTESIAN_POINT('',(4.42476217166146,0.994606744986963,-1.68010353561281));
#1294=CARTESIAN_POINT('',(5.10165027443522,0.,-2.25));
#1295=CARTESIAN_POINT('',(5.10165027443522,0.620904402555199,-2.25));
#1296=CARTESIAN_POINT('',(5.10165027443522,1.1834044025552,-1.9979522012776));
#1297=CARTESIAN_POINT('',(1.8,1.27254264153312,-1.27254264153312));
#1298=CARTESIAN_POINT('',(1.8,1.59836176102208,-0.94672352204416));
#1299=CARTESIAN_POINT('',(1.8,1.8,-0.49672352204416));
#1300=CARTESIAN_POINT('',(1.8,1.8,0.));
#1301=CARTESIAN_POINT('',(4.42476217166146,1.33735514029988,-1.33735514029988));
#1302=CARTESIAN_POINT('',(4.42476217166146,1.68010353561281,-0.994606744986963));
#1303=CARTESIAN_POINT('',(4.42476217166146,1.89165871476725,-0.520665133515561));
#1304=CARTESIAN_POINT('',(4.42476217166146,1.89165871476725,0.));
#1305=CARTESIAN_POINT('',(5.10165027443522,1.5906783019164,-1.5906783019164));
#1306=CARTESIAN_POINT('',(5.10165027443522,1.9979522012776,-1.1834044025552));
#1307=CARTESIAN_POINT('',(5.10165027443522,2.25,-0.6209044025552));
#1308=CARTESIAN_POINT('',(5.10165027443522,2.25,0.));
#1309=CARTESIAN_POINT('',(7.30819672131148,0.,-2.25));
#1310=CARTESIAN_POINT('',(7.30819672131148,0.620904402555199,-2.25));
#1311=CARTESIAN_POINT('',(7.30819672131148,1.1834044025552,-1.9979522012776));
#1312=CARTESIAN_POINT('',(8.28167309493336,0.,-2.25));
#1313=CARTESIAN_POINT('',(8.28167309493336,0.620904402555199,-2.25));
#1314=CARTESIAN_POINT('',(8.28167309493335,1.1834044025552,-1.9979522012776));
#1315=CARTESIAN_POINT('',(11.1081967213115,0.,-1.4));
#1316=CARTESIAN_POINT('',(11.1081967213115,0.386340517145457,-1.4));
#1317=CARTESIAN_POINT('',(11.1081967213115,0.736340517145457,-1.24317025857273));
#1318=CARTESIAN_POINT('',(11.1081967213115,0.,-1.4));
#1319=CARTESIAN_POINT('',(11.1081967213115,0.386340517145457,-1.4));
#1320=CARTESIAN_POINT('',(11.1081967213115,0.736340517145457,-1.24317025857273));
#1321=CARTESIAN_POINT('',(7.30819672131148,1.5906783019164,-1.5906783019164));
#1322=CARTESIAN_POINT('',(7.30819672131148,1.9979522012776,-1.1834044025552));
#1323=CARTESIAN_POINT('',(7.30819672131148,2.25,-0.6209044025552));
#1324=CARTESIAN_POINT('',(7.30819672131148,2.25,0.));
#1325=CARTESIAN_POINT('',(8.28167309493335,1.5906783019164,-1.5906783019164));
#1326=CARTESIAN_POINT('',(8.28167309493335,1.9979522012776,-1.1834044025552));
#1327=CARTESIAN_POINT('',(8.28167309493335,2.25,-0.6209044025552));
#1328=CARTESIAN_POINT('',(8.28167309493335,2.25,0.));
#1329=CARTESIAN_POINT('',(11.1081967213115,0.989755387859093,-0.989755387859093));
#1330=CARTESIAN_POINT('',(11.1081967213115,1.24317025857273,-0.736340517145457));
#1331=CARTESIAN_POINT('',(11.1081967213115,1.4,-0.386340517145457));
#1332=CARTESIAN_POINT('',(11.1081967213115,1.4,0.));
#1333=CARTESIAN_POINT('',(11.1081967213115,0.989755387859093,-0.989755387859093));
#1334=CARTESIAN_POINT('',(11.1081967213115,1.24317025857273,-0.736340517145457));
#1335=CARTESIAN_POINT('',(11.1081967213115,1.4,-0.386340517145457));
#1336=CARTESIAN_POINT('',(11.1081967213115,1.4,0.));
#1337=B_SPLINE_SURFACE_WITH_KNOTS('Surf_MWRRJKCYOJ, Core, 0, 1',3,3,((#1338, #1339, #1340, #1347, #1348, #1349, #1350),(#1341, #1342, #1343, #1351, #1352, #1353, #1354),(#1344, #1345, #1346, #1355, #1356, #1357, #1358),(#1359, #1360, #1361, #1368, #1369, #1370, #1371),(#1362, #1363, #1364, #1372, #1373, #1374, #1375),(#1365, #1366, #1367, #1376, #1377, #1378, #1379),(#1380, #1381, #1382, #1389, #1390, #1391, #1392),(#1383, #1384, #1385, #1393, #1394, #1395, #1396),(#1386, #1387, #1388, #1397, #1398, #1399, #1400),(#1401, #1402, #1403, #1413, #1414, #1415, #1416),(#1404, #1405, #1406, #1417, #1418, #1419, #1420),(#1407, #1408, #1409, #1421, #1422, #1423, #1424),(#1410, #1411, #1412, #1425, #1426, #1427, #1428)),.UNSPECIFIED.,.F.,.F.,.F.,(4,3,3,3,4),(4,3,4),(0.,1.,2.,3.,4.),(0.,1.,2.),.PIECEWISE_BEZIER_KNOTS.);
#1338=CARTESIAN_POINT('',(-1.9,0.,0.));
#1339=CARTESIAN_POINT('',(-1.9,0.,3.70074341541719E-17));
#1340=CARTESIAN_POINT('',(-1.9,0.,7.40148683083438E-17));
#1341=CARTESIAN_POINT('',(-1.9,-0.715697018452796,0.));
#1342=CARTESIAN_POINT('',(-1.9,-0.715697018452796,-0.178924254613199));
#1343=CARTESIAN_POINT('',(-1.9,-0.626234891146197,-0.357848509226398));
#1344=CARTESIAN_POINT('',(-0.699411640997115,-1.,0.));
#1345=CARTESIAN_POINT('',(-0.699411640997115,-1.,-0.275957512246755));
#1346=CARTESIAN_POINT('',(-0.699411640997115,-0.887978756123378,-0.525957512246755));
#1347=CARTESIAN_POINT('',(-1.9,0.,0.));
#1348=CARTESIAN_POINT('',(-1.9,0.,0.));
#1349=CARTESIAN_POINT('',(-1.9,0.,1.48029736616688E-16));
#1350=CARTESIAN_POINT('',(-1.9,0.,1.48029736616688E-16));
#1351=CARTESIAN_POINT('',(-1.9,-0.492041700186297,-0.492041700186297));
#1352=CARTESIAN_POINT('',(-1.9,-0.357848509226398,-0.626234891146197));
#1353=CARTESIAN_POINT('',(-1.9,-0.178924254613199,-0.715697018452796));
#1354=CARTESIAN_POINT('',(-1.9,-1.11022302462516E-16,-0.715697018452796));
#1355=CARTESIAN_POINT('',(-0.699411640997115,-0.706968134185067,-0.706968134185066));
#1356=CARTESIAN_POINT('',(-0.699411640997115,-0.525957512246755,-0.887978756123378));
#1357=CARTESIAN_POINT('',(-0.699411640997115,-0.275957512246755,-1.));
#1358=CARTESIAN_POINT('',(-0.699411640997115,0.,-1.));
#1359=CARTESIAN_POINT('',(-2.22044604925031E-16,-1.,0.));
#1360=CARTESIAN_POINT('',(2.22044604925031E-16,-1.,-0.275957512246755));
#1361=CARTESIAN_POINT('',(2.22044604925031E-16,-0.887978756123378,-0.525957512246755));
#1362=CARTESIAN_POINT('',(0.65659052011974,-1.,0.));
#1363=CARTESIAN_POINT('',(0.65659052011974,-1.,-0.275957512246755));
#1364=CARTESIAN_POINT('',(0.65659052011974,-0.887978756123378,-0.525957512246755));
#1365=CARTESIAN_POINT('',(1.14380945708464,-1.77708532130819,-2.46716227694479E-18));
#1366=CARTESIAN_POINT('',(1.14380945708464,-1.77708532130819,-0.490738119176309));
#1367=CARTESIAN_POINT('',(1.14380945708464,-1.5779263173744,-0.934752716308458));
#1368=CARTESIAN_POINT('',(2.22044604925031E-16,-0.706968134185067,-0.706968134185066));
#1369=CARTESIAN_POINT('',(2.22044604925031E-16,-0.525957512246755,-0.887978756123378));
#1370=CARTESIAN_POINT('',(-2.22044604925031E-16,-0.275957512246755,-1.));
#1371=CARTESIAN_POINT('',(-2.22044604925031E-16,0.,-1.));
#1372=CARTESIAN_POINT('',(0.65659052011974,-0.706968134185067,-0.706968134185066));
#1373=CARTESIAN_POINT('',(0.65659052011974,-0.525957512246755,-0.887978756123378));
#1374=CARTESIAN_POINT('',(0.656590520119741,-0.275957512246755,-1.));
#1375=CARTESIAN_POINT('',(0.65659052011974,0.,-1.));
#1376=CARTESIAN_POINT('',(1.14380945708464,-1.25633951684143,-1.25633951684143));
#1377=CARTESIAN_POINT('',(1.14380945708464,-0.934752716308459,-1.5779263173744));
#1378=CARTESIAN_POINT('',(1.14380945708464,-0.490738119176309,-1.77708532130819));
#1379=CARTESIAN_POINT('',(1.14380945708464,5.78241158658936E-18,-1.77708532130819));
#1380=CARTESIAN_POINT('',(1.8,-1.8,0.));
#1381=CARTESIAN_POINT('',(1.8,-1.8,-0.49672352204416));
#1382=CARTESIAN_POINT('',(1.8,-1.59836176102208,-0.946723522044159));
#1383=CARTESIAN_POINT('',(4.42476217166146,-1.89165871476725,9.86864910777917E-18));
#1384=CARTESIAN_POINT('',(4.42476217166146,-1.89165871476725,-0.520665133515561));
#1385=CARTESIAN_POINT('',(4.42476217166146,-1.68010353561281,-0.994606744986963));
#1386=CARTESIAN_POINT('',(5.10165027443522,-2.25,0.));
#1387=CARTESIAN_POINT('',(5.10165027443522,-2.25,-0.6209044025552));
#1388=CARTESIAN_POINT('',(5.10165027443522,-1.9979522012776,-1.1834044025552));
#1389=CARTESIAN_POINT('',(1.8,-1.27254264153312,-1.27254264153312));
#1390=CARTESIAN_POINT('',(1.8,-0.94672352204416,-1.59836176102208));
#1391=CARTESIAN_POINT('',(1.8,-0.49672352204416,-1.8));
#1392=CARTESIAN_POINT('',(1.8,0.,-1.8));
#1393=CARTESIAN_POINT('',(4.42476217166146,-1.33735514029989,-1.33735514029988));
#1394=CARTESIAN_POINT('',(4.42476217166146,-0.994606744986963,-1.68010353561281));
#1395=CARTESIAN_POINT('',(4.42476217166146,-0.520665133515562,-1.89165871476725));
#1396=CARTESIAN_POINT('',(4.42476217166146,-2.31296463463574E-17,-1.89165871476725));
#1397=CARTESIAN_POINT('',(5.10165027443522,-1.5906783019164,-1.5906783019164));
#1398=CARTESIAN_POINT('',(5.10165027443522,-1.1834044025552,-1.9979522012776));
#1399=CARTESIAN_POINT('',(5.10165027443522,-0.6209044025552,-2.25));
#1400=CARTESIAN_POINT('',(5.10165027443522,0.,-2.25));
#1401=CARTESIAN_POINT('',(7.30819672131148,-2.25,0.));
#1402=CARTESIAN_POINT('',(7.30819672131148,-2.25,-0.6209044025552));
#1403=CARTESIAN_POINT('',(7.30819672131148,-1.9979522012776,-1.1834044025552));
#1404=CARTESIAN_POINT('',(8.28167309493335,-2.25,0.));
#1405=CARTESIAN_POINT('',(8.28167309493335,-2.25,-0.6209044025552));
#1406=CARTESIAN_POINT('',(8.28167309493335,-1.9979522012776,-1.1834044025552));
#1407=CARTESIAN_POINT('',(11.1081967213115,-1.4,0.));
#1408=CARTESIAN_POINT('',(11.1081967213115,-1.4,-0.386340517145457));
#1409=CARTESIAN_POINT('',(11.1081967213115,-1.24317025857273,-0.736340517145457));
#1410=CARTESIAN_POINT('',(11.1081967213115,-1.4,0.));
#1411=CARTESIAN_POINT('',(11.1081967213115,-1.4,-0.386340517145457));
#1412=CARTESIAN_POINT('',(11.1081967213115,-1.24317025857273,-0.736340517145457));
#1413=CARTESIAN_POINT('',(7.30819672131148,-1.5906783019164,-1.5906783019164));
#1414=CARTESIAN_POINT('',(7.30819672131148,-1.1834044025552,-1.9979522012776));
#1415=CARTESIAN_POINT('',(7.30819672131148,-0.6209044025552,-2.25));
#1416=CARTESIAN_POINT('',(7.30819672131148,0.,-2.25));
#1417=CARTESIAN_POINT('',(8.28167309493335,-1.5906783019164,-1.5906783019164));
#1418=CARTESIAN_POINT('',(8.28167309493335,-1.1834044025552,-1.9979522012776));
#1419=CARTESIAN_POINT('',(8.28167309493336,-0.6209044025552,-2.25));
#1420=CARTESIAN_POINT('',(8.28167309493336,0.,-2.25));
#1421=CARTESIAN_POINT('',(11.1081967213115,-0.989755387859093,-0.989755387859093));
#1422=CARTESIAN_POINT('',(11.1081967213115,-0.736340517145457,-1.24317025857273));
#1423=CARTESIAN_POINT('',(11.1081967213115,-0.386340517145457,-1.4));
#1424=CARTESIAN_POINT('',(11.1081967213115,0.,-1.4));
#1425=CARTESIAN_POINT('',(11.1081967213115,-0.989755387859093,-0.989755387859093));
#1426=CARTESIAN_POINT('',(11.1081967213115,-0.736340517145457,-1.24317025857273));
#1427=CARTESIAN_POINT('',(11.1081967213115,-0.386340517145457,-1.4));
#1428=CARTESIAN_POINT('',(11.1081967213115,0.,-1.4));
#1429=B_SPLINE_SURFACE_WITH_KNOTS('Surf_MWRRJKCYOJ, Core, 0, 2',3,3,((#1430, #1431, #1432, #1439, #1440, #1441, #1442),(#1433, #1434, #1435, #1443, #1444, #1445, #1446),(#1436, #1437, #1438, #1447, #1448, #1449, #1450),(#1451, #1452, #1453, #1460, #1461, #1462, #1463),(#1454, #1455, #1456, #1464, #1465, #1466, #1467),(#1457, #1458, #1459, #1468, #1469, #1470, #1471),(#1472, #1473, #1474, #1481, #1482, #1483, #1484),(#1475, #1476, #1477, #1485, #1486, #1487, #1488),(#1478, #1479, #1480, #1489, #1490, #1491, #1492),(#1493, #1494, #1495, #1505, #1506, #1507, #1508),(#1496, #1497, #1498, #1509, #1510, #1511, #1512),(#1499, #1500, #1501, #1513, #1514, #1515, #1516),(#1502, #1503, #1504, #1517, #1518, #1519, #1520)),.UNSPECIFIED.,.F.,.F.,.F.,(4,3,3,3,4),(4,3,4),(0.,1.,2.,3.,4.),(0.,1.,2.),.PIECEWISE_BEZIER_KNOTS.);
#1430=CARTESIAN_POINT('',(-1.9,0.,0.));
#1431=CARTESIAN_POINT('',(-1.9,0.,0.));
#1432=CARTESIAN_POINT('',(-1.9,0.,-7.40148683083438E-17));
#1433=CARTESIAN_POINT('',(-1.9,-1.71159382963045E-16,0.715697018452796));
#1434=CARTESIAN_POINT('',(-1.9,-0.178924254613199,0.715697018452796));
#1435=CARTESIAN_POINT('',(-1.9,-0.357848509226398,0.626234891146196));
#1436=CARTESIAN_POINT('',(-0.699411640997115,0.,1.));
#1437=CARTESIAN_POINT('',(-0.699411640997115,-0.275957512246755,1.));
#1438=CARTESIAN_POINT('',(-0.699411640997115,-0.525957512246755,0.887978756123378));
#1439=CARTESIAN_POINT('',(-1.9,0.,0.));
#1440=CARTESIAN_POINT('',(-1.9,0.,0.));
#1441=CARTESIAN_POINT('',(-1.9,0.,0.));
#1442=CARTESIAN_POINT('',(-1.9,0.,0.));
#1443=CARTESIAN_POINT('',(-1.9,-0.492041700186297,0.492041700186297));
#1444=CARTESIAN_POINT('',(-1.9,-0.626234891146197,0.357848509226398));
#1445=CARTESIAN_POINT('',(-1.9,-0.715697018452796,0.178924254613199));
#1446=CARTESIAN_POINT('',(-1.9,-0.715697018452796,0.));
#1447=CARTESIAN_POINT('',(-0.699411640997115,-0.706968134185067,0.706968134185066));
#1448=CARTESIAN_POINT('',(-0.699411640997115,-0.887978756123378,0.525957512246755));
#1449=CARTESIAN_POINT('',(-0.699411640997115,-1.,0.275957512246755));
#1450=CARTESIAN_POINT('',(-0.699411640997115,-1.,0.));
#1451=CARTESIAN_POINT('',(2.22044604925031E-16,0.,1.));
#1452=CARTESIAN_POINT('',(-2.22044604925031E-16,-0.275957512246755,1.));
#1453=CARTESIAN_POINT('',(2.22044604925031E-16,-0.525957512246755,0.887978756123378));
#1454=CARTESIAN_POINT('',(0.65659052011974,0.,1.));
#1455=CARTESIAN_POINT('',(0.65659052011974,-0.275957512246755,1.));
#1456=CARTESIAN_POINT('',(0.656590520119741,-0.525957512246755,0.887978756123378));
#1457=CARTESIAN_POINT('',(1.14380945708463,-6.19741720285175E-18,1.77708532130819));
#1458=CARTESIAN_POINT('',(1.14380945708463,-0.490738119176309,1.77708532130819));
#1459=CARTESIAN_POINT('',(1.14380945708463,-0.934752716308459,1.5779263173744));
#1460=CARTESIAN_POINT('',(2.22044604925031E-16,-0.706968134185067,0.706968134185066));
#1461=CARTESIAN_POINT('',(2.22044604925031E-16,-0.887978756123378,0.525957512246755));
#1462=CARTESIAN_POINT('',(-2.22044604925031E-16,-1.,0.275957512246755));
#1463=CARTESIAN_POINT('',(-2.22044604925031E-16,-1.,0.));
#1464=CARTESIAN_POINT('',(0.656590520119741,-0.706968134185067,0.706968134185066));
#1465=CARTESIAN_POINT('',(0.656590520119741,-0.887978756123378,0.525957512246755));
#1466=CARTESIAN_POINT('',(0.656590520119741,-1.,0.275957512246755));
#1467=CARTESIAN_POINT('',(0.65659052011974,-1.,0.));
#1468=CARTESIAN_POINT('',(1.14380945708463,-1.25633951684143,1.25633951684143));
#1469=CARTESIAN_POINT('',(1.14380945708463,-1.5779263173744,0.934752716308458));
#1470=CARTESIAN_POINT('',(1.14380945708463,-1.77708532130819,0.490738119176309));
#1471=CARTESIAN_POINT('',(1.14380945708464,-1.77708532130819,-2.46716227694479E-18));
#1472=CARTESIAN_POINT('',(1.8,0.,1.8));
#1473=CARTESIAN_POINT('',(1.8,-0.496723522044159,1.8));
#1474=CARTESIAN_POINT('',(1.8,-0.94672352204416,1.59836176102208));
#1475=CARTESIAN_POINT('',(4.42476217166146,2.4789668811407E-17,1.89165871476725));
#1476=CARTESIAN_POINT('',(4.42476217166146,-0.520665133515561,1.89165871476725));
#1477=CARTESIAN_POINT('',(4.42476217166146,-0.994606744986963,1.68010353561281));
#1478=CARTESIAN_POINT('',(5.10165027443522,0.,2.25));
#1479=CARTESIAN_POINT('',(5.10165027443522,-0.6209044025552,2.25));
#1480=CARTESIAN_POINT('',(5.10165027443522,-1.1834044025552,1.9979522012776));
#1481=CARTESIAN_POINT('',(1.8,-1.27254264153312,1.27254264153312));
#1482=CARTESIAN_POINT('',(1.8,-1.59836176102208,0.94672352204416));
#1483=CARTESIAN_POINT('',(1.8,-1.8,0.49672352204416));
#1484=CARTESIAN_POINT('',(1.8,-1.8,0.));
#1485=CARTESIAN_POINT('',(4.42476217166146,-1.33735514029989,1.33735514029989));
#1486=CARTESIAN_POINT('',(4.42476217166146,-1.68010353561281,0.994606744986963));
#1487=CARTESIAN_POINT('',(4.42476217166146,-1.89165871476725,0.520665133515561));
#1488=CARTESIAN_POINT('',(4.42476217166146,-1.89165871476725,9.86864910777917E-18));
#1489=CARTESIAN_POINT('',(5.10165027443522,-1.5906783019164,1.5906783019164));
#1490=CARTESIAN_POINT('',(5.10165027443522,-1.9979522012776,1.1834044025552));
#1491=CARTESIAN_POINT('',(5.10165027443522,-2.25,0.6209044025552));
#1492=CARTESIAN_POINT('',(5.10165027443522,-2.25,0.));
#1493=CARTESIAN_POINT('',(7.30819672131148,0.,2.25));
#1494=CARTESIAN_POINT('',(7.30819672131148,-0.6209044025552,2.25));
#1495=CARTESIAN_POINT('',(7.30819672131148,-1.1834044025552,1.9979522012776));
#1496=CARTESIAN_POINT('',(8.28167309493335,0.,2.25));
#1497=CARTESIAN_POINT('',(8.28167309493335,-0.6209044025552,2.25));
#1498=CARTESIAN_POINT('',(8.28167309493335,-1.1834044025552,1.9979522012776));
#1499=CARTESIAN_POINT('',(11.1081967213115,0.,1.4));
#1500=CARTESIAN_POINT('',(11.1081967213115,-0.386340517145457,1.4));
#1501=CARTESIAN_POINT('',(11.1081967213115,-0.736340517145457,1.24317025857273));
#1502=CARTESIAN_POINT('',(11.1081967213115,0.,1.4));
#1503=CARTESIAN_POINT('',(11.1081967213115,-0.386340517145457,1.4));
#1504=CARTESIAN_POINT('',(11.1081967213115,-0.736340517145457,1.24317025857273));
#1505=CARTESIAN_POINT('',(7.30819672131148,-1.5906783019164,1.5906783019164));
#1506=CARTESIAN_POINT('',(7.30819672131148,-1.9979522012776,1.1834044025552));
#1507=CARTESIAN_POINT('',(7.30819672131148,-2.25,0.6209044025552));
#1508=CARTESIAN_POINT('',(7.30819672131148,-2.25,0.));
#1509=CARTESIAN_POINT('',(8.28167309493335,-1.5906783019164,1.5906783019164));
#1510=CARTESIAN_POINT('',(8.28167309493335,-1.9979522012776,1.1834044025552));
#1511=CARTESIAN_POINT('',(8.28167309493335,-2.25,0.6209044025552));
#1512=CARTESIAN_POINT('',(8.28167309493335,-2.25,0.));
#1513=CARTESIAN_POINT('',(11.1081967213115,-0.989755387859093,0.989755387859093));
#1514=CARTESIAN_POINT('',(11.1081967213115,-1.24317025857273,0.736340517145457));
#1515=CARTESIAN_POINT('',(11.1081967213115,-1.4,0.386340517145457));
#1516=CARTESIAN_POINT('',(11.1081967213115,-1.4,0.));
#1517=CARTESIAN_POINT('',(11.1081967213115,-0.989755387859093,0.989755387859093));
#1518=CARTESIAN_POINT('',(11.1081967213115,-1.24317025857273,0.736340517145457));
#1519=CARTESIAN_POINT('',(11.1081967213115,-1.4,0.386340517145457));
#1520=CARTESIAN_POINT('',(11.1081967213115,-1.4,0.));
#1521=B_SPLINE_SURFACE_WITH_KNOTS('Surf_MWRRJKCYOJ, Core, 0, 3',3,3,((#1522, #1523, #1524, #1531, #1532, #1533, #1534),(#1525, #1526, #1527, #1535, #1536, #1537, #1538),(#1528, #1529, #1530, #1539, #1540, #1541, #1542),(#1543, #1544, #1545, #1552, #1553, #1554, #1555),(#1546, #1547, #1548, #1556, #1557, #1558, #1559),(#1549, #1550, #1551, #1560, #1561, #1562, #1563),(#1564, #1565, #1566, #1573, #1574, #1575, #1576),(#1567, #1568, #1569, #1577, #1578, #1579, #1580),(#1570, #1571, #1572, #1581, #1582, #1583, #1584),(#1585, #1586, #1587, #1597, #1598, #1599, #1600),(#1588, #1589, #1590, #1601, #1602, #1603, #1604),(#1591, #1592, #1593, #1605, #1606, #1607, #1608),(#1594, #1595, #1596, #1609, #1610, #1611, #1612)),.UNSPECIFIED.,.F.,.F.,.F.,(4,3,3,3,4),(4,3,4),(0.,1.,2.,3.,4.),(0.,1.,2.),.PIECEWISE_BEZIER_KNOTS.);
#1522=CARTESIAN_POINT('',(-1.9,0.,0.));
#1523=CARTESIAN_POINT('',(-1.9,0.,0.));
#1524=CARTESIAN_POINT('',(-1.9,0.,0.));
#1525=CARTESIAN_POINT('',(-1.9,0.715697018452796,0.));
#1526=CARTESIAN_POINT('',(-1.9,0.715697018452796,0.178924254613199));
#1527=CARTESIAN_POINT('',(-1.9,0.626234891146197,0.357848509226398));
#1528=CARTESIAN_POINT('',(-0.699411640997115,1.,0.));
#1529=CARTESIAN_POINT('',(-0.699411640997115,1.,0.275957512246755));
#1530=CARTESIAN_POINT('',(-0.699411640997115,0.887978756123378,0.525957512246755));
#1531=CARTESIAN_POINT('',(-1.9,0.,0.));
#1532=CARTESIAN_POINT('',(-1.9,0.,-7.40148683083438E-17));
#1533=CARTESIAN_POINT('',(-1.9,0.,0.));
#1534=CARTESIAN_POINT('',(-1.9,0.,0.));
#1535=CARTESIAN_POINT('',(-1.9,0.492041700186297,0.492041700186297));
#1536=CARTESIAN_POINT('',(-1.9,0.357848509226398,0.626234891146196));
#1537=CARTESIAN_POINT('',(-1.9,0.178924254613199,0.715697018452796));
#1538=CARTESIAN_POINT('',(-1.9,-1.71159382963045E-16,0.715697018452796));
#1539=CARTESIAN_POINT('',(-0.699411640997115,0.706968134185066,0.706968134185066));
#1540=CARTESIAN_POINT('',(-0.699411640997115,0.525957512246755,0.887978756123378));
#1541=CARTESIAN_POINT('',(-0.699411640997115,0.275957512246755,1.));
#1542=CARTESIAN_POINT('',(-0.699411640997115,0.,1.));
#1543=CARTESIAN_POINT('',(-2.22044604925031E-16,1.,0.));
#1544=CARTESIAN_POINT('',(-2.22044604925031E-16,1.,0.275957512246755));
#1545=CARTESIAN_POINT('',(-2.22044604925031E-16,0.887978756123378,0.525957512246755));
#1546=CARTESIAN_POINT('',(0.65659052011974,1.,0.));
#1547=CARTESIAN_POINT('',(0.656590520119741,1.,0.275957512246755));
#1548=CARTESIAN_POINT('',(0.656590520119741,0.887978756123378,0.525957512246755));
#1549=CARTESIAN_POINT('',(1.14380945708464,1.77708532130819,0.));
#1550=CARTESIAN_POINT('',(1.14380945708463,1.77708532130819,0.490738119176309));
#1551=CARTESIAN_POINT('',(1.14380945708464,1.5779263173744,0.934752716308458));
#1552=CARTESIAN_POINT('',(-2.22044604925031E-16,0.706968134185066,0.706968134185066));
#1553=CARTESIAN_POINT('',(-2.22044604925031E-16,0.525957512246755,0.887978756123378));
#1554=CARTESIAN_POINT('',(2.22044604925031E-16,0.275957512246755,1.));
#1555=CARTESIAN_POINT('',(2.22044604925031E-16,0.,1.));
#1556=CARTESIAN_POINT('',(0.65659052011974,0.706968134185066,0.706968134185066));
#1557=CARTESIAN_POINT('',(0.65659052011974,0.525957512246755,0.887978756123378));
#1558=CARTESIAN_POINT('',(0.65659052011974,0.275957512246755,1.));
#1559=CARTESIAN_POINT('',(0.65659052011974,0.,1.));
#1560=CARTESIAN_POINT('',(1.14380945708464,1.25633951684143,1.25633951684143));
#1561=CARTESIAN_POINT('',(1.14380945708464,0.934752716308458,1.5779263173744));
#1562=CARTESIAN_POINT('',(1.14380945708463,0.490738119176309,1.77708532130819));
#1563=CARTESIAN_POINT('',(1.14380945708463,-6.19741720285175E-18,1.77708532130819));
#1564=CARTESIAN_POINT('',(1.8,1.8,0.));
#1565=CARTESIAN_POINT('',(1.8,1.8,0.49672352204416));
#1566=CARTESIAN_POINT('',(1.8,1.59836176102208,0.946723522044159));
#1567=CARTESIAN_POINT('',(4.42476217166146,1.89165871476725,0.));
#1568=CARTESIAN_POINT('',(4.42476217166146,1.89165871476725,0.520665133515561));
#1569=CARTESIAN_POINT('',(4.42476217166146,1.68010353561281,0.994606744986963));
#1570=CARTESIAN_POINT('',(5.10165027443522,2.25,0.));
#1571=CARTESIAN_POINT('',(5.10165027443522,2.25,0.6209044025552));
#1572=CARTESIAN_POINT('',(5.10165027443522,1.9979522012776,1.1834044025552));
#1573=CARTESIAN_POINT('',(1.8,1.27254264153312,1.27254264153312));
#1574=CARTESIAN_POINT('',(1.8,0.946723522044159,1.59836176102208));
#1575=CARTESIAN_POINT('',(1.8,0.496723522044159,1.8));
#1576=CARTESIAN_POINT('',(1.8,0.,1.8));
#1577=CARTESIAN_POINT('',(4.42476217166146,1.33735514029988,1.33735514029988));
#1578=CARTESIAN_POINT('',(4.42476217166146,0.994606744986963,1.68010353561281));
#1579=CARTESIAN_POINT('',(4.42476217166146,0.520665133515561,1.89165871476725));
#1580=CARTESIAN_POINT('',(4.42476217166146,2.4789668811407E-17,1.89165871476725));
#1581=CARTESIAN_POINT('',(5.10165027443522,1.5906783019164,1.5906783019164));
#1582=CARTESIAN_POINT('',(5.10165027443523,1.1834044025552,1.9979522012776));
#1583=CARTESIAN_POINT('',(5.10165027443523,0.620904402555199,2.25));
#1584=CARTESIAN_POINT('',(5.10165027443522,0.,2.25));
#1585=CARTESIAN_POINT('',(7.30819672131148,2.25,0.));
#1586=CARTESIAN_POINT('',(7.30819672131148,2.25,0.6209044025552));
#1587=CARTESIAN_POINT('',(7.30819672131148,1.9979522012776,1.1834044025552));
#1588=CARTESIAN_POINT('',(8.28167309493335,2.25,0.));
#1589=CARTESIAN_POINT('',(8.28167309493335,2.25,0.6209044025552));
#1590=CARTESIAN_POINT('',(8.28167309493335,1.9979522012776,1.1834044025552));
#1591=CARTESIAN_POINT('',(11.1081967213115,1.4,0.));
#1592=CARTESIAN_POINT('',(11.1081967213115,1.4,0.386340517145457));
#1593=CARTESIAN_POINT('',(11.1081967213115,1.24317025857273,0.736340517145457));
#1594=CARTESIAN_POINT('',(11.1081967213115,1.4,0.));
#1595=CARTESIAN_POINT('',(11.1081967213115,1.4,0.386340517145457));
#1596=CARTESIAN_POINT('',(11.1081967213115,1.24317025857273,0.736340517145457));
#1597=CARTESIAN_POINT('',(7.30819672131148,1.5906783019164,1.5906783019164));
#1598=CARTESIAN_POINT('',(7.30819672131148,1.1834044025552,1.9979522012776));
#1599=CARTESIAN_POINT('',(7.30819672131148,0.620904402555199,2.25));
#1600=CARTESIAN_POINT('',(7.30819672131148,0.,2.25));
#1601=CARTESIAN_POINT('',(8.28167309493335,1.5906783019164,1.5906783019164));
#1602=CARTESIAN_POINT('',(8.28167309493335,1.1834044025552,1.9979522012776));
#1603=CARTESIAN_POINT('',(8.28167309493335,0.620904402555199,2.25));
#1604=CARTESIAN_POINT('',(8.28167309493335,0.,2.25));
#1605=CARTESIAN_POINT('',(11.1081967213115,0.989755387859093,0.989755387859093));
#1606=CARTESIAN_POINT('',(11.1081967213115,0.736340517145457,1.24317025857273));
#1607=CARTESIAN_POINT('',(11.1081967213115,0.386340517145457,1.4));
#1608=CARTESIAN_POINT('',(11.1081967213115,0.,1.4));
#1609=CARTESIAN_POINT('',(11.1081967213115,0.989755387859093,0.989755387859093));
#1610=CARTESIAN_POINT('',(11.1081967213115,0.736340517145457,1.24317025857273));
#1611=CARTESIAN_POINT('',(11.1081967213115,0.386340517145457,1.4));
#1612=CARTESIAN_POINT('',(11.1081967213115,0.,1.4));
#1613=B_SPLINE_SURFACE_WITH_KNOTS('Surf_MWRRJKCYOJ, Core, 0, 4',3,3,((#1614, #1615, #1616, #1626, #1627, #1628, #1629),(#1617, #1618, #1619, #1630, #1631, #1632, #1633),(#1620, #1621, #1622, #1634, #1635, #1636, #1637),(#1623, #1624, #1625, #1638, #1639, #1640, #1641)),.UNSPECIFIED.,.F.,.F.,.F.,(4,4),(4,3,4),(0.,1.),(0.,1.,2.),.PIECEWISE_BEZIER_KNOTS.);
#1614=CARTESIAN_POINT('',(11.1081967213115,0.,-1.4));
#1615=CARTESIAN_POINT('',(11.1081967213115,0.386340517145457,-1.4));
#1616=CARTESIAN_POINT('',(11.1081967213115,0.736340517145457,-1.24317025857273));
#1617=CARTESIAN_POINT('',(11.1081967213115,2.60208521396521E-18,-1.39333333333333));
#1618=CARTESIAN_POINT('',(11.1081967213115,0.384599157979033,-1.39333333333333));
#1619=CARTESIAN_POINT('',(11.1081967213115,0.732857798812607,-1.23722488648976));
#1620=CARTESIAN_POINT('',(11.1081967213115,2.60208521396521E-18,-1.37333333333333));
#1621=CARTESIAN_POINT('',(11.1081967213115,0.379080007734097,-1.37333333333333));
#1622=CARTESIAN_POINT('',(11.1081967213115,0.722338648567672,-1.21946531136729));
#1623=CARTESIAN_POINT('',(11.1081967213115,0.,-1.38));
#1624=CARTESIAN_POINT('',(11.1081967213115,0.380821366900522,-1.38));
#1625=CARTESIAN_POINT('',(11.1081967213115,0.725821366900522,-1.22541068345026));
#1626=CARTESIAN_POINT('',(11.1081967213115,0.989755387859093,-0.989755387859093));
#1627=CARTESIAN_POINT('',(11.1081967213115,1.24317025857273,-0.736340517145457));
#1628=CARTESIAN_POINT('',(11.1081967213115,1.4,-0.386340517145457));
#1629=CARTESIAN_POINT('',(11.1081967213115,1.4,0.));
#1630=CARTESIAN_POINT('',(11.1081967213115,0.985041342651183,-0.985041342651183));
#1631=CARTESIAN_POINT('',(11.1081967213115,1.23722488648976,-0.732857798812607));
#1632=CARTESIAN_POINT('',(11.1081967213115,1.39333333333333,-0.384599157979033));
#1633=CARTESIAN_POINT('',(11.1081967213115,1.39333333333333,2.89120579329468E-19));
#1634=CARTESIAN_POINT('',(11.1081967213115,0.970901979967481,-0.970901979967481));
#1635=CARTESIAN_POINT('',(11.1081967213115,1.21946531136729,-0.722338648567673));
#1636=CARTESIAN_POINT('',(11.1081967213115,1.37333333333333,-0.379080007734097));
#1637=CARTESIAN_POINT('',(11.1081967213115,1.37333333333333,2.89120579329468E-19));
#1638=CARTESIAN_POINT('',(11.1081967213115,0.975616025175392,-0.975616025175392));
#1639=CARTESIAN_POINT('',(11.1081967213115,1.22541068345026,-0.725821366900522));
#1640=CARTESIAN_POINT('',(11.1081967213115,1.38,-0.380821366900522));
#1641=CARTESIAN_POINT('',(11.1081967213115,1.38,0.));
#1642=B_SPLINE_SURFACE_WITH_KNOTS('Surf_MWRRJKCYOJ, Core, 0, 5',3,3,((#1643, #1644, #1645, #1655, #1656, #1657, #1658),(#1646, #1647, #1648, #1659, #1660, #1661, #1662),(#1649, #1650, #1651, #1663, #1664, #1665, #1666),(#1652, #1653, #1654, #1667, #1668, #1669, #1670)),.UNSPECIFIED.,.F.,.F.,.F.,(4,4),(4,3,4),(0.,1.),(0.,1.,2.),.PIECEWISE_BEZIER_KNOTS.);
#1643=CARTESIAN_POINT('',(11.1081967213115,-1.4,-5.13581318503263E-34));
#1644=CARTESIAN_POINT('',(11.1081967213115,-1.4,-0.386340517145457));
#1645=CARTESIAN_POINT('',(11.1081967213115,-1.24317025857273,-0.736340517145457));
#1646=CARTESIAN_POINT('',(11.1081967213115,-1.39333333333333,3.70074341541719E-18));
#1647=CARTESIAN_POINT('',(11.1081967213115,-1.39333333333333,-0.384599157979033));
#1648=CARTESIAN_POINT('',(11.1081967213115,-1.23722488648976,-0.732857798812607));
#1649=CARTESIAN_POINT('',(11.1081967213115,-1.37333333333333,3.70074341541719E-18));
#1650=CARTESIAN_POINT('',(11.1081967213115,-1.37333333333333,-0.379080007734097));
#1651=CARTESIAN_POINT('',(11.1081967213115,-1.21946531136729,-0.722338648567673));
#1652=CARTESIAN_POINT('',(11.1081967213115,-1.38,0.));
#1653=CARTESIAN_POINT('',(11.1081967213115,-1.38,-0.380821366900522));
#1654=CARTESIAN_POINT('',(11.1081967213115,-1.22541068345026,-0.725821366900522));
#1655=CARTESIAN_POINT('',(11.1081967213115,-0.989755387859093,-0.989755387859093));
#1656=CARTESIAN_POINT('',(11.1081967213115,-0.736340517145457,-1.24317025857273));
#1657=CARTESIAN_POINT('',(11.1081967213115,-0.386340517145457,-1.4));
#1658=CARTESIAN_POINT('',(11.1081967213115,0.,-1.4));
#1659=CARTESIAN_POINT('',(11.1081967213115,-0.985041342651183,-0.985041342651183));
#1660=CARTESIAN_POINT('',(11.1081967213115,-0.732857798812608,-1.23722488648976));
#1661=CARTESIAN_POINT('',(11.1081967213115,-0.384599157979033,-1.39333333333333));
#1662=CARTESIAN_POINT('',(11.1081967213115,2.60208521396521E-18,-1.39333333333333));
#1663=CARTESIAN_POINT('',(11.1081967213115,-0.970901979967481,-0.970901979967481));
#1664=CARTESIAN_POINT('',(11.1081967213115,-0.722338648567672,-1.21946531136729));
#1665=CARTESIAN_POINT('',(11.1081967213115,-0.379080007734097,-1.37333333333333));
#1666=CARTESIAN_POINT('',(11.1081967213115,2.60208521396521E-18,-1.37333333333333));
#1667=CARTESIAN_POINT('',(11.1081967213115,-0.975616025175392,-0.975616025175392));
#1668=CARTESIAN_POINT('',(11.1081967213115,-0.725821366900522,-1.22541068345026));
#1669=CARTESIAN_POINT('',(11.1081967213115,-0.380821366900522,-1.38));
#1670=CARTESIAN_POINT('',(11.1081967213115,0.,-1.38));
#1671=B_SPLINE_SURFACE_WITH_KNOTS('Surf_MWRRJKCYOJ, Core, 0, 6',3,3,((#1672, #1673, #1674, #1684, #1685, #1686, #1687),(#1675, #1676, #1677, #1688, #1689, #1690, #1691),(#1678, #1679, #1680, #1692, #1693, #1694, #1695),(#1681, #1682, #1683, #1696, #1697, #1698, #1699)),.UNSPECIFIED.,.F.,.F.,.F.,(4,4),(4,3,4),(0.,1.),(0.,1.,2.),.PIECEWISE_BEZIER_KNOTS.);
#1672=CARTESIAN_POINT('',(11.1081967213115,0.,1.4));
#1673=CARTESIAN_POINT('',(11.1081967213115,-0.386340517145457,1.4));
#1674=CARTESIAN_POINT('',(11.1081967213115,-0.736340517145457,1.24317025857273));
#1675=CARTESIAN_POINT('',(11.1081967213115,4.64806290213881E-18,1.39333333333333));
#1676=CARTESIAN_POINT('',(11.1081967213115,-0.384599157979033,1.39333333333333));
#1677=CARTESIAN_POINT('',(11.1081967213115,-0.732857798812608,1.23722488648976));
#1678=CARTESIAN_POINT('',(11.1081967213115,4.64806290213881E-18,1.37333333333333));
#1679=CARTESIAN_POINT('',(11.1081967213115,-0.379080007734098,1.37333333333333));
#1680=CARTESIAN_POINT('',(11.1081967213115,-0.722338648567672,1.21946531136729));
#1681=CARTESIAN_POINT('',(11.1081967213115,0.,1.38));
#1682=CARTESIAN_POINT('',(11.1081967213115,-0.380821366900522,1.38));
#1683=CARTESIAN_POINT('',(11.1081967213115,-0.725821366900522,1.22541068345026));
#1684=CARTESIAN_POINT('',(11.1081967213115,-0.989755387859093,0.989755387859093));
#1685=CARTESIAN_POINT('',(11.1081967213115,-1.24317025857273,0.736340517145457));
#1686=CARTESIAN_POINT('',(11.1081967213115,-1.4,0.386340517145457));
#1687=CARTESIAN_POINT('',(11.1081967213115,-1.4,-5.13581318503263E-34));
#1688=CARTESIAN_POINT('',(11.1081967213115,-0.985041342651183,0.985041342651183));
#1689=CARTESIAN_POINT('',(11.1081967213115,-1.23722488648976,0.732857798812607));
#1690=CARTESIAN_POINT('',(11.1081967213115,-1.39333333333333,0.384599157979033));
#1691=CARTESIAN_POINT('',(11.1081967213115,-1.39333333333333,3.70074341541719E-18));
#1692=CARTESIAN_POINT('',(11.1081967213115,-0.970901979967481,0.970901979967481));
#1693=CARTESIAN_POINT('',(11.1081967213115,-1.21946531136729,0.722338648567673));
#1694=CARTESIAN_POINT('',(11.1081967213115,-1.37333333333333,0.379080007734097));
#1695=CARTESIAN_POINT('',(11.1081967213115,-1.37333333333333,3.70074341541719E-18));
#1696=CARTESIAN_POINT('',(11.1081967213115,-0.975616025175392,0.975616025175392));
#1697=CARTESIAN_POINT('',(11.1081967213115,-1.22541068345026,0.725821366900522));
#1698=CARTESIAN_POINT('',(11.1081967213115,-1.38,0.380821366900522));
#1699=CARTESIAN_POINT('',(11.1081967213115,-1.38,0.));
#1700=B_SPLINE_SURFACE_WITH_KNOTS('Surf_MWRRJKCYOJ, Core, 0, 7',3,3,((#1701, #1702, #1703, #1713, #1714, #1715, #1716),(#1704, #1705, #1706, #1717, #1718, #1719, #1720),(#1707, #1708, #1709, #1721, #1722, #1723, #1724),(#1710, #1711, #1712, #1725, #1726, #1727, #1728)),.UNSPECIFIED.,.F.,.F.,.F.,(4,4),(4,3,4),(0.,1.),(0.,1.,2.),.PIECEWISE_BEZIER_KNOTS.);
#1701=CARTESIAN_POINT('',(11.1081967213115,1.4,0.));
#1702=CARTESIAN_POINT('',(11.1081967213115,1.4,0.386340517145457));
#1703=CARTESIAN_POINT('',(11.1081967213115,1.24317025857273,0.736340517145457));
#1704=CARTESIAN_POINT('',(11.1081967213115,1.39333333333333,0.));
#1705=CARTESIAN_POINT('',(11.1081967213115,1.39333333333333,0.384599157979033));
#1706=CARTESIAN_POINT('',(11.1081967213115,1.23722488648976,0.732857798812607));
#1707=CARTESIAN_POINT('',(11.1081967213115,1.37333333333333,0.));
#1708=CARTESIAN_POINT('',(11.1081967213115,1.37333333333333,0.379080007734097));
#1709=CARTESIAN_POINT('',(11.1081967213115,1.21946531136729,0.722338648567673));
#1710=CARTESIAN_POINT('',(11.1081967213115,1.38,0.));
#1711=CARTESIAN_POINT('',(11.1081967213115,1.38,0.380821366900522));
#1712=CARTESIAN_POINT('',(11.1081967213115,1.22541068345026,0.725821366900522));
#1713=CARTESIAN_POINT('',(11.1081967213115,0.989755387859093,0.989755387859093));
#1714=CARTESIAN_POINT('',(11.1081967213115,0.736340517145457,1.24317025857273));
#1715=CARTESIAN_POINT('',(11.1081967213115,0.386340517145457,1.4));
#1716=CARTESIAN_POINT('',(11.1081967213115,0.,1.4));
#1717=CARTESIAN_POINT('',(11.1081967213115,0.985041342651183,0.985041342651183));
#1718=CARTESIAN_POINT('',(11.1081967213115,0.732857798812607,1.23722488648976));
#1719=CARTESIAN_POINT('',(11.1081967213115,0.384599157979033,1.39333333333333));
#1720=CARTESIAN_POINT('',(11.1081967213115,4.64806290213881E-18,1.39333333333333));
#1721=CARTESIAN_POINT('',(11.1081967213115,0.970901979967481,0.970901979967481));
#1722=CARTESIAN_POINT('',(11.1081967213115,0.722338648567672,1.21946531136729));
#1723=CARTESIAN_POINT('',(11.1081967213115,0.379080007734098,1.37333333333333));
#1724=CARTESIAN_POINT('',(11.1081967213115,4.64806290213881E-18,1.37333333333333));
#1725=CARTESIAN_POINT('',(11.1081967213115,0.975616025175392,0.975616025175392));
#1726=CARTESIAN_POINT('',(11.1081967213115,0.725821366900522,1.22541068345026));
#1727=CARTESIAN_POINT('',(11.1081967213115,0.380821366900522,1.38));
#1728=CARTESIAN_POINT('',(11.1081967213115,0.,1.38));
#1729=B_SPLINE_SURFACE_WITH_KNOTS('Surf_MWRRJKCYOJ, Core, 0, 8',3,3,((#1730, #1731, #1732, #1742, #1743, #1744, #1745),(#1733, #1734, #1735, #1746, #1747, #1748, #1749),(#1736, #1737, #1738, #1750, #1751, #1752, #1753),(#1739, #1740, #1741, #1754, #1755, #1756, #1757)),.UNSPECIFIED.,.F.,.F.,.F.,(4,4),(4,3,4),(0.,1.),(0.,1.,2.),.PIECEWISE_BEZIER_KNOTS.);
#1730=CARTESIAN_POINT('',(11.1081967213115,0.,-1.38));
#1731=CARTESIAN_POINT('',(11.1081967213115,0.380821366900522,-1.38));
#1732=CARTESIAN_POINT('',(11.1081967213115,0.725821366900522,-1.22541068345026));
#1733=CARTESIAN_POINT('',(11.1015300546448,0.,-1.38));
#1734=CARTESIAN_POINT('',(11.1015300546448,0.380821366900522,-1.38));
#1735=CARTESIAN_POINT('',(11.1015300546448,0.725821366900522,-1.22541068345026));
#1736=CARTESIAN_POINT('',(9.52486338797814,0.,-1.45));
#1737=CARTESIAN_POINT('',(9.52486338797814,0.400138392757795,-1.45));
#1738=CARTESIAN_POINT('',(9.52486338797814,0.762638392757796,-1.2875691963789));
#1739=CARTESIAN_POINT('',(9.30819672131148,0.,-1.45));
#1740=CARTESIAN_POINT('',(9.30819672131148,0.400138392757795,-1.45));
#1741=CARTESIAN_POINT('',(9.30819672131148,0.762638392757795,-1.2875691963789));
#1742=CARTESIAN_POINT('',(11.1081967213115,0.975616025175392,-0.975616025175392));
#1743=CARTESIAN_POINT('',(11.1081967213115,1.22541068345026,-0.725821366900523));
#1744=CARTESIAN_POINT('',(11.1081967213115,1.38,-0.380821366900522));
#1745=CARTESIAN_POINT('',(11.1081967213115,1.38,0.));
#1746=CARTESIAN_POINT('',(11.1015300546448,0.975616025175392,-0.975616025175392));
#1747=CARTESIAN_POINT('',(11.1015300546448,1.22541068345026,-0.725821366900522));
#1748=CARTESIAN_POINT('',(11.1015300546448,1.38,-0.380821366900522));
#1749=CARTESIAN_POINT('',(11.1015300546448,1.38,-1.28395329625816E-34));
#1750=CARTESIAN_POINT('',(9.52486338797814,1.02510379456835,-1.02510379456835));
#1751=CARTESIAN_POINT('',(9.52486338797814,1.2875691963789,-0.762638392757795));
#1752=CARTESIAN_POINT('',(9.52486338797814,1.45,-0.400138392757795));
#1753=CARTESIAN_POINT('',(9.52486338797814,1.45,-2.05432527401305E-33));
#1754=CARTESIAN_POINT('',(9.30819672131148,1.02510379456835,-1.02510379456835));
#1755=CARTESIAN_POINT('',(9.30819672131148,1.2875691963789,-0.762638392757795));
#1756=CARTESIAN_POINT('',(9.30819672131148,1.45,-0.400138392757795));
#1757=CARTESIAN_POINT('',(9.30819672131148,1.45,0.));
#1758=B_SPLINE_SURFACE_WITH_KNOTS('Surf_MWRRJKCYOJ, Core, 0, 9',3,3,((#1759, #1760, #1761, #1771, #1772, #1773, #1774),(#1762, #1763, #1764, #1775, #1776, #1777, #1778),(#1765, #1766, #1767, #1779, #1780, #1781, #1782),(#1768, #1769, #1770, #1783, #1784, #1785, #1786)),.UNSPECIFIED.,.F.,.F.,.F.,(4,4),(4,3,4),(0.,1.),(0.,1.,2.),.PIECEWISE_BEZIER_KNOTS.);
#1759=CARTESIAN_POINT('',(11.1081967213115,-1.38,0.));
#1760=CARTESIAN_POINT('',(11.1081967213115,-1.38,-0.380821366900522));
#1761=CARTESIAN_POINT('',(11.1081967213115,-1.22541068345026,-0.725821366900523));
#1762=CARTESIAN_POINT('',(11.1015300546448,-1.38,6.84775091337684E-35));
#1763=CARTESIAN_POINT('',(11.1015300546448,-1.38,-0.380821366900522));
#1764=CARTESIAN_POINT('',(11.1015300546448,-1.22541068345026,-0.725821366900522));
#1765=CARTESIAN_POINT('',(9.52486338797814,-1.45,-2.19128029228059E-33));
#1766=CARTESIAN_POINT('',(9.52486338797814,-1.45,-0.400138392757795));
#1767=CARTESIAN_POINT('',(9.52486338797814,-1.2875691963789,-0.762638392757795));
#1768=CARTESIAN_POINT('',(9.30819672131148,-1.45,0.));
#1769=CARTESIAN_POINT('',(9.30819672131148,-1.45,-0.400138392757795));
#1770=CARTESIAN_POINT('',(9.30819672131148,-1.2875691963789,-0.762638392757795));
#1771=CARTESIAN_POINT('',(11.1081967213115,-0.975616025175392,-0.975616025175392));
#1772=CARTESIAN_POINT('',(11.1081967213115,-0.725821366900522,-1.22541068345026));
#1773=CARTESIAN_POINT('',(11.1081967213115,-0.380821366900522,-1.38));
#1774=CARTESIAN_POINT('',(11.1081967213115,0.,-1.38));
#1775=CARTESIAN_POINT('',(11.1015300546448,-0.975616025175392,-0.975616025175392));
#1776=CARTESIAN_POINT('',(11.1015300546448,-0.725821366900522,-1.22541068345026));
#1777=CARTESIAN_POINT('',(11.1015300546448,-0.380821366900522,-1.38));
#1778=CARTESIAN_POINT('',(11.1015300546448,0.,-1.38));
#1779=CARTESIAN_POINT('',(9.52486338797814,-1.02510379456835,-1.02510379456835));
#1780=CARTESIAN_POINT('',(9.52486338797814,-0.762638392757795,-1.2875691963789));
#1781=CARTESIAN_POINT('',(9.52486338797814,-0.400138392757795,-1.45));
#1782=CARTESIAN_POINT('',(9.52486338797814,0.,-1.45));
#1783=CARTESIAN_POINT('',(9.30819672131148,-1.02510379456835,-1.02510379456835));
#1784=CARTESIAN_POINT('',(9.30819672131148,-0.762638392757795,-1.2875691963789));
#1785=CARTESIAN_POINT('',(9.30819672131148,-0.400138392757795,-1.45));
#1786=CARTESIAN_POINT('',(9.30819672131148,0.,-1.45));
#1787=B_SPLINE_SURFACE_WITH_KNOTS('Surf_MWRRJKCYOJ, Core, 0, 10',3,3,((#1788, #1789, #1790, #1800, #1801, #1802, #1803),(#1791, #1792, #1793, #1804, #1805, #1806, #1807),(#1794, #1795, #1796, #1808, #1809, #1810, #1811),(#1797, #1798, #1799, #1812, #1813, #1814, #1815)),.UNSPECIFIED.,.F.,.F.,.F.,(4,4),(4,3,4),(0.,1.),(0.,1.,2.),.PIECEWISE_BEZIER_KNOTS.);
#1788=CARTESIAN_POINT('',(11.1081967213115,0.,1.38));
#1789=CARTESIAN_POINT('',(11.1081967213115,-0.380821366900522,1.38));
#1790=CARTESIAN_POINT('',(11.1081967213115,-0.725821366900522,1.22541068345026));
#1791=CARTESIAN_POINT('',(11.1015300546448,-5.50441221745124E-34,1.38));
#1792=CARTESIAN_POINT('',(11.1015300546448,-0.380821366900522,1.38));
#1793=CARTESIAN_POINT('',(11.1015300546448,-0.725821366900522,1.22541068345026));
#1794=CARTESIAN_POINT('',(9.52486338797814,0.,1.45));
#1795=CARTESIAN_POINT('',(9.52486338797814,-0.400138392757795,1.45));
#1796=CARTESIAN_POINT('',(9.52486338797814,-0.762638392757795,1.2875691963789));
#1797=CARTESIAN_POINT('',(9.30819672131148,0.,1.45));
#1798=CARTESIAN_POINT('',(9.30819672131148,-0.400138392757795,1.45));
#1799=CARTESIAN_POINT('',(9.30819672131148,-0.762638392757795,1.2875691963789));
#1800=CARTESIAN_POINT('',(11.1081967213115,-0.975616025175392,0.975616025175392));
#1801=CARTESIAN_POINT('',(11.1081967213115,-1.22541068345026,0.725821366900523));
#1802=CARTESIAN_POINT('',(11.1081967213115,-1.38,0.380821366900522));
#1803=CARTESIAN_POINT('',(11.1081967213115,-1.38,0.));
#1804=CARTESIAN_POINT('',(11.1015300546448,-0.975616025175392,0.975616025175392));
#1805=CARTESIAN_POINT('',(11.1015300546448,-1.22541068345026,0.725821366900522));
#1806=CARTESIAN_POINT('',(11.1015300546448,-1.38,0.380821366900522));
#1807=CARTESIAN_POINT('',(11.1015300546448,-1.38,6.84775091337684E-35));
#1808=CARTESIAN_POINT('',(9.52486338797814,-1.02510379456835,1.02510379456835));
#1809=CARTESIAN_POINT('',(9.52486338797814,-1.2875691963789,0.762638392757795));
#1810=CARTESIAN_POINT('',(9.52486338797814,-1.45,0.400138392757795));
#1811=CARTESIAN_POINT('',(9.52486338797814,-1.45,-2.19128029228059E-33));
#1812=CARTESIAN_POINT('',(9.30819672131148,-1.02510379456835,1.02510379456835));
#1813=CARTESIAN_POINT('',(9.30819672131148,-1.2875691963789,0.762638392757795));
#1814=CARTESIAN_POINT('',(9.30819672131148,-1.45,0.400138392757795));
#1815=CARTESIAN_POINT('',(9.30819672131148,-1.45,0.));
#1816=B_SPLINE_SURFACE_WITH_KNOTS('Surf_MWRRJKCYOJ, Core, 0, 11',3,3,((#1817, #1818, #1819, #1829, #1830, #1831, #1832),(#1820, #1821, #1822, #1833, #1834, #1835, #1836),(#1823, #1824, #1825, #1837, #1838, #1839, #1840),(#1826, #1827, #1828, #1841, #1842, #1843, #1844)),.UNSPECIFIED.,.F.,.F.,.F.,(4,4),(4,3,4),(0.,1.),(0.,1.,2.),.PIECEWISE_BEZIER_KNOTS.);
#1817=CARTESIAN_POINT('',(11.1081967213115,1.38,0.));
#1818=CARTESIAN_POINT('',(11.1081967213115,1.38,0.380821366900522));
#1819=CARTESIAN_POINT('',(11.1081967213115,1.22541068345026,0.725821366900523));
#1820=CARTESIAN_POINT('',(11.1015300546448,1.38,0.));
#1821=CARTESIAN_POINT('',(11.1015300546448,1.38,0.380821366900522));
#1822=CARTESIAN_POINT('',(11.1015300546448,1.22541068345026,0.725821366900522));
#1823=CARTESIAN_POINT('',(9.52486338797814,1.45,0.));
#1824=CARTESIAN_POINT('',(9.52486338797814,1.45,0.400138392757795));
#1825=CARTESIAN_POINT('',(9.52486338797814,1.2875691963789,0.762638392757795));
#1826=CARTESIAN_POINT('',(9.30819672131148,1.45,0.));
#1827=CARTESIAN_POINT('',(9.30819672131148,1.45,0.400138392757795));
#1828=CARTESIAN_POINT('',(9.30819672131148,1.2875691963789,0.762638392757795));
#1829=CARTESIAN_POINT('',(11.1081967213115,0.975616025175392,0.975616025175392));
#1830=CARTESIAN_POINT('',(11.1081967213115,0.725821366900522,1.22541068345026));
#1831=CARTESIAN_POINT('',(11.1081967213115,0.380821366900522,1.38));
#1832=CARTESIAN_POINT('',(11.1081967213115,0.,1.38));
#1833=CARTESIAN_POINT('',(11.1015300546448,0.975616025175392,0.975616025175392));
#1834=CARTESIAN_POINT('',(11.1015300546448,0.725821366900522,1.22541068345026));
#1835=CARTESIAN_POINT('',(11.1015300546448,0.380821366900522,1.38));
#1836=CARTESIAN_POINT('',(11.1015300546448,-5.50441221745124E-34,1.38));
#1837=CARTESIAN_POINT('',(9.52486338797814,1.02510379456835,1.02510379456835));
#1838=CARTESIAN_POINT('',(9.52486338797814,0.762638392757795,1.2875691963789));
#1839=CARTESIAN_POINT('',(9.52486338797814,0.400138392757795,1.45));
#1840=CARTESIAN_POINT('',(9.52486338797814,0.,1.45));
#1841=CARTESIAN_POINT('',(9.30819672131148,1.02510379456835,1.02510379456835));
#1842=CARTESIAN_POINT('',(9.30819672131148,0.762638392757795,1.2875691963789));
#1843=CARTESIAN_POINT('',(9.30819672131148,0.400138392757795,1.45));
#1844=CARTESIAN_POINT('',(9.30819672131148,0.,1.45));
#1845=B_SPLINE_SURFACE_WITH_KNOTS('Surf_MWRRJKCYOJ, Core, 0, 12',3,3,((#1846, #1847, #1848, #1858, #1859, #1860, #1861),(#1849, #1850, #1851, #1862, #1863, #1864, #1865),(#1852, #1853, #1854, #1866, #1867, #1868, #1869),(#1855, #1856, #1857, #1870, #1871, #1872, #1873)),.UNSPECIFIED.,.F.,.F.,.F.,(4,4),(4,3,4),(0.,1.),(0.,1.,2.),.PIECEWISE_BEZIER_KNOTS.);
#1846=CARTESIAN_POINT('',(9.30819672131148,0.,-1.45));
#1847=CARTESIAN_POINT('',(9.30819672131148,0.400138392757795,-1.45));
#1848=CARTESIAN_POINT('',(9.30819672131148,0.762638392757795,-1.2875691963789));
#1849=CARTESIAN_POINT('',(9.30819672131148,7.40148683083438E-17,-1.23333333333333));
#1850=CARTESIAN_POINT('',(9.30819672131148,0.343544219848985,-1.23333333333333));
#1851=CARTESIAN_POINT('',(9.30819672131148,0.649450046940174,-1.09434460368235));
#1852=CARTESIAN_POINT('',(9.30819672131148,-7.40148683083438E-17,-1.01666666666667));
#1853=CARTESIAN_POINT('',(9.30819672131148,0.277360182706215,-1.01666666666667));
#1854=CARTESIAN_POINT('',(9.30819672131148,0.533954355615026,-0.903607597595252));
#1855=CARTESIAN_POINT('',(9.30819672131148,0.,-0.8));
#1856=CARTESIAN_POINT('',(9.30819672131148,0.220766009797404,-0.8));
#1857=CARTESIAN_POINT('',(9.30819672131148,0.420766009797404,-0.710383004898702));
#1858=CARTESIAN_POINT('',(9.30819672131148,1.02510379456835,-1.02510379456835));
#1859=CARTESIAN_POINT('',(9.30819672131148,1.2875691963789,-0.762638392757795));
#1860=CARTESIAN_POINT('',(9.30819672131148,1.45,-0.400138392757795));
#1861=CARTESIAN_POINT('',(9.30819672131148,1.45,0.));
#1862=CARTESIAN_POINT('',(9.30819672131148,0.871897325311261,-0.871897325311261));
#1863=CARTESIAN_POINT('',(9.30819672131148,1.09434460368235,-0.649450046940174));
#1864=CARTESIAN_POINT('',(9.30819672131148,1.23333333333333,-0.343544219848985));
#1865=CARTESIAN_POINT('',(9.30819672131148,1.23333333333333,9.25185853854297E-18));
#1866=CARTESIAN_POINT('',(9.30819672131148,0.718780976605139,-0.718780976605139));
#1867=CARTESIAN_POINT('',(9.30819672131148,0.903607597595252,-0.533954355615026));
#1868=CARTESIAN_POINT('',(9.30819672131148,1.01666666666667,-0.277360182706215));
#1869=CARTESIAN_POINT('',(9.30819672131148,1.01666666666667,-9.25185853854297E-18));
#1870=CARTESIAN_POINT('',(9.30819672131148,0.565574507348053,-0.565574507348053));
#1871=CARTESIAN_POINT('',(9.30819672131148,0.710383004898702,-0.420766009797404));
#1872=CARTESIAN_POINT('',(9.30819672131148,0.8,-0.220766009797404));
#1873=CARTESIAN_POINT('',(9.30819672131148,0.8,0.));
#1874=B_SPLINE_SURFACE_WITH_KNOTS('Surf_MWRRJKCYOJ, Core, 0, 13',3,3,((#1875, #1876, #1877, #1887, #1888, #1889, #1890),(#1878, #1879, #1880, #1891, #1892, #1893, #1894),(#1881, #1882, #1883, #1895, #1896, #1897, #1898),(#1884, #1885, #1886, #1899, #1900, #1901, #1902)),.UNSPECIFIED.,.F.,.F.,.F.,(4,4),(4,3,4),(0.,1.),(0.,1.,2.),.PIECEWISE_BEZIER_KNOTS.);
#1875=CARTESIAN_POINT('',(9.30819672131148,-1.45,0.));
#1876=CARTESIAN_POINT('',(9.30819672131148,-1.45,-0.400138392757795));
#1877=CARTESIAN_POINT('',(9.30819672131148,-1.2875691963789,-0.762638392757795));
#1878=CARTESIAN_POINT('',(9.30819672131148,-1.23333333333333,1.28292438401129E-16));
#1879=CARTESIAN_POINT('',(9.30819672131148,-1.23333333333333,-0.343544219848984));
#1880=CARTESIAN_POINT('',(9.30819672131148,-1.09434460368235,-0.649450046940174));
#1881=CARTESIAN_POINT('',(9.30819672131148,-1.01666666666667,-1.28292438401129E-16));
#1882=CARTESIAN_POINT('',(9.30819672131148,-1.01666666666667,-0.277360182706215));
#1883=CARTESIAN_POINT('',(9.30819672131148,-0.903607597595251,-0.533954355615026));
#1884=CARTESIAN_POINT('',(9.30819672131148,-0.8,0.));
#1885=CARTESIAN_POINT('',(9.30819672131148,-0.8,-0.220766009797404));
#1886=CARTESIAN_POINT('',(9.30819672131148,-0.710383004898702,-0.420766009797404));
#1887=CARTESIAN_POINT('',(9.30819672131148,-1.02510379456835,-1.02510379456835));
#1888=CARTESIAN_POINT('',(9.30819672131148,-0.762638392757795,-1.2875691963789));
#1889=CARTESIAN_POINT('',(9.30819672131148,-0.400138392757795,-1.45));
#1890=CARTESIAN_POINT('',(9.30819672131148,0.,-1.45));
#1891=CARTESIAN_POINT('',(9.30819672131148,-0.871897325311261,-0.871897325311261));
#1892=CARTESIAN_POINT('',(9.30819672131148,-0.649450046940174,-1.09434460368235));
#1893=CARTESIAN_POINT('',(9.30819672131148,-0.343544219848985,-1.23333333333333));
#1894=CARTESIAN_POINT('',(9.30819672131148,7.40148683083438E-17,-1.23333333333333));
#1895=CARTESIAN_POINT('',(9.30819672131148,-0.718780976605138,-0.718780976605139));
#1896=CARTESIAN_POINT('',(9.30819672131148,-0.533954355615026,-0.903607597595252));
#1897=CARTESIAN_POINT('',(9.30819672131148,-0.277360182706215,-1.01666666666667));
#1898=CARTESIAN_POINT('',(9.30819672131148,-7.40148683083438E-17,-1.01666666666667));
#1899=CARTESIAN_POINT('',(9.30819672131148,-0.565574507348053,-0.565574507348053));
#1900=CARTESIAN_POINT('',(9.30819672131148,-0.420766009797404,-0.710383004898702));
#1901=CARTESIAN_POINT('',(9.30819672131148,-0.220766009797404,-0.8));
#1902=CARTESIAN_POINT('',(9.30819672131148,0.,-0.8));
#1903=B_SPLINE_SURFACE_WITH_KNOTS('Surf_MWRRJKCYOJ, Core, 0, 14',3,3,((#1904, #1905, #1906, #1916, #1917, #1918, #1919),(#1907, #1908, #1909, #1920, #1921, #1922, #1923),(#1910, #1911, #1912, #1924, #1925, #1926, #1927),(#1913, #1914, #1915, #1928, #1929, #1930, #1931)),.UNSPECIFIED.,.F.,.F.,.F.,(4,4),(4,3,4),(0.,1.),(0.,1.,2.),.PIECEWISE_BEZIER_KNOTS.);
#1904=CARTESIAN_POINT('',(9.30819672131148,-4.1086505480261E-33,1.45));
#1905=CARTESIAN_POINT('',(9.30819672131148,-0.400138392757795,1.45));
#1906=CARTESIAN_POINT('',(9.30819672131148,-0.762638392757795,1.2875691963789));
#1907=CARTESIAN_POINT('',(9.30819672131148,2.97476025736884E-17,1.23333333333333));
#1908=CARTESIAN_POINT('',(9.30819672131148,-0.343544219848984,1.23333333333333));
#1909=CARTESIAN_POINT('',(9.30819672131148,-0.649450046940174,1.09434460368235));
#1910=CARTESIAN_POINT('',(9.30819672131148,-2.97476025736884E-17,1.01666666666667));
#1911=CARTESIAN_POINT('',(9.30819672131148,-0.277360182706215,1.01666666666667));
#1912=CARTESIAN_POINT('',(9.30819672131148,-0.533954355615026,0.903607597595252));
#1913=CARTESIAN_POINT('',(9.30819672131148,0.,0.8));
#1914=CARTESIAN_POINT('',(9.30819672131148,-0.220766009797404,0.8));
#1915=CARTESIAN_POINT('',(9.30819672131148,-0.420766009797404,0.710383004898702));
#1916=CARTESIAN_POINT('',(9.30819672131148,-1.02510379456835,1.02510379456835));
#1917=CARTESIAN_POINT('',(9.30819672131148,-1.2875691963789,0.762638392757795));
#1918=CARTESIAN_POINT('',(9.30819672131148,-1.45,0.400138392757795));
#1919=CARTESIAN_POINT('',(9.30819672131148,-1.45,0.));
#1920=CARTESIAN_POINT('',(9.30819672131148,-0.871897325311261,0.871897325311261));
#1921=CARTESIAN_POINT('',(9.30819672131148,-1.09434460368235,0.649450046940174));
#1922=CARTESIAN_POINT('',(9.30819672131148,-1.23333333333333,0.343544219848985));
#1923=CARTESIAN_POINT('',(9.30819672131148,-1.23333333333333,1.28292438401129E-16));
#1924=CARTESIAN_POINT('',(9.30819672131148,-0.718780976605139,0.718780976605139));
#1925=CARTESIAN_POINT('',(9.30819672131148,-0.903607597595252,0.533954355615026));
#1926=CARTESIAN_POINT('',(9.30819672131148,-1.01666666666667,0.277360182706215));
#1927=CARTESIAN_POINT('',(9.30819672131148,-1.01666666666667,-1.28292438401129E-16));
#1928=CARTESIAN_POINT('',(9.30819672131148,-0.565574507348053,0.565574507348053));
#1929=CARTESIAN_POINT('',(9.30819672131148,-0.710383004898702,0.420766009797404));
#1930=CARTESIAN_POINT('',(9.30819672131148,-0.8,0.220766009797404));
#1931=CARTESIAN_POINT('',(9.30819672131148,-0.8,0.));
#1932=B_SPLINE_SURFACE_WITH_KNOTS('Surf_MWRRJKCYOJ, Core, 0, 15',3,3,((#1933, #1934, #1935, #1945, #1946, #1947, #1948),(#1936, #1937, #1938, #1949, #1950, #1951, #1952),(#1939, #1940, #1941, #1953, #1954, #1955, #1956),(#1942, #1943, #1944, #1957, #1958, #1959, #1960)),.UNSPECIFIED.,.F.,.F.,.F.,(4,4),(4,3,4),(0.,1.),(0.,1.,2.),.PIECEWISE_BEZIER_KNOTS.);
#1933=CARTESIAN_POINT('',(9.30819672131148,1.45,0.));
#1934=CARTESIAN_POINT('',(9.30819672131148,1.45,0.400138392757795));
#1935=CARTESIAN_POINT('',(9.30819672131148,1.2875691963789,0.762638392757795));
#1936=CARTESIAN_POINT('',(9.30819672131148,1.23333333333333,0.));
#1937=CARTESIAN_POINT('',(9.30819672131148,1.23333333333333,0.343544219848985));
#1938=CARTESIAN_POINT('',(9.30819672131148,1.09434460368235,0.649450046940174));
#1939=CARTESIAN_POINT('',(9.30819672131148,1.01666666666667,0.));
#1940=CARTESIAN_POINT('',(9.30819672131148,1.01666666666667,0.277360182706215));
#1941=CARTESIAN_POINT('',(9.30819672131148,0.903607597595252,0.533954355615026));
#1942=CARTESIAN_POINT('',(9.30819672131148,0.8,0.));
#1943=CARTESIAN_POINT('',(9.30819672131148,0.8,0.220766009797404));
#1944=CARTESIAN_POINT('',(9.30819672131148,0.710383004898702,0.420766009797404));
#1945=CARTESIAN_POINT('',(9.30819672131148,1.02510379456835,1.02510379456835));
#1946=CARTESIAN_POINT('',(9.30819672131148,0.762638392757795,1.2875691963789));
#1947=CARTESIAN_POINT('',(9.30819672131148,0.400138392757795,1.45));
#1948=CARTESIAN_POINT('',(9.30819672131148,-4.1086505480261E-33,1.45));
#1949=CARTESIAN_POINT('',(9.30819672131148,0.871897325311261,0.871897325311261));
#1950=CARTESIAN_POINT('',(9.30819672131148,0.649450046940174,1.09434460368235));
#1951=CARTESIAN_POINT('',(9.30819672131148,0.343544219848984,1.23333333333333));
#1952=CARTESIAN_POINT('',(9.30819672131148,2.97476025736884E-17,1.23333333333333));
#1953=CARTESIAN_POINT('',(9.30819672131148,0.718780976605139,0.718780976605139));
#1954=CARTESIAN_POINT('',(9.30819672131148,0.533954355615026,0.903607597595252));
#1955=CARTESIAN_POINT('',(9.30819672131148,0.277360182706215,1.01666666666667));
#1956=CARTESIAN_POINT('',(9.30819672131148,-2.97476025736884E-17,1.01666666666667));
#1957=CARTESIAN_POINT('',(9.30819672131148,0.565574507348053,0.565574507348053));
#1958=CARTESIAN_POINT('',(9.30819672131148,0.420766009797404,0.710383004898702));
#1959=CARTESIAN_POINT('',(9.30819672131148,0.220766009797404,0.8));
#1960=CARTESIAN_POINT('',(9.30819672131148,0.,0.8));
#1961=B_SPLINE_SURFACE_WITH_KNOTS('Surf_MWRRJKCYOJ, Core, 0, 16',3,3,((#1962, #1963, #1964, #1971, #1972, #1973, #1974),(#1965, #1966, #1967, #1975, #1976, #1977, #1978),(#1968, #1969, #1970, #1979, #1980, #1981, #1982),(#1983, #1984, #1985, #1995, #1996, #1997, #1998),(#1986, #1987, #1988, #1999, #2000, #2001, #2002),(#1989, #1990, #1991, #2003, #2004, #2005, #2006),(#1992, #1993, #1994, #2007, #2008, #2009, #2010)),.UNSPECIFIED.,.F.,.F.,.F.,(4,3,4),(4,3,4),(0.,1.,2.),(0.,1.,2.),.PIECEWISE_BEZIER_KNOTS.);
#1962=CARTESIAN_POINT('',(9.30819672131148,0.,-0.8));
#1963=CARTESIAN_POINT('',(9.30819672131148,0.220766009797404,-0.8));
#1964=CARTESIAN_POINT('',(9.30819672131148,0.420766009797404,-0.710383004898702));
#1965=CARTESIAN_POINT('',(9.52486338797814,0.,-0.8));
#1966=CARTESIAN_POINT('',(9.52486338797814,0.220766009797404,-0.8));
#1967=CARTESIAN_POINT('',(9.52486338797814,0.420766009797404,-0.710383004898702));
#1968=CARTESIAN_POINT('',(10.1748633879781,0.,-0.8));
#1969=CARTESIAN_POINT('',(10.1748633879781,0.220766009797404,-0.8));
#1970=CARTESIAN_POINT('',(10.1748633879781,0.420766009797404,-0.710383004898702));
#1971=CARTESIAN_POINT('',(9.30819672131148,0.565574507348053,-0.565574507348053));
#1972=CARTESIAN_POINT('',(9.30819672131148,0.710383004898702,-0.420766009797404));
#1973=CARTESIAN_POINT('',(9.30819672131148,0.8,-0.220766009797404));
#1974=CARTESIAN_POINT('',(9.30819672131148,0.8,0.));
#1975=CARTESIAN_POINT('',(9.52486338797814,0.565574507348053,-0.565574507348053));
#1976=CARTESIAN_POINT('',(9.52486338797814,0.710383004898702,-0.420766009797404));
#1977=CARTESIAN_POINT('',(9.52486338797814,0.8,-0.220766009797404));
#1978=CARTESIAN_POINT('',(9.52486338797814,0.8,0.));
#1979=CARTESIAN_POINT('',(10.1748633879781,0.565574507348053,-0.565574507348053));
#1980=CARTESIAN_POINT('',(10.1748633879781,0.710383004898702,-0.420766009797404));
#1981=CARTESIAN_POINT('',(10.1748633879781,0.8,-0.220766009797404));
#1982=CARTESIAN_POINT('',(10.1748633879781,0.8,0.));
#1983=CARTESIAN_POINT('',(10.6081967213115,0.,-0.8));
#1984=CARTESIAN_POINT('',(10.6081967213115,0.220766009797404,-0.8));
#1985=CARTESIAN_POINT('',(10.6081967213115,0.420766009797404,-0.710383004898702));
#1986=CARTESIAN_POINT('',(10.7815300546448,0.,-0.8));
#1987=CARTESIAN_POINT('',(10.7815300546448,0.220766009797404,-0.8));
#1988=CARTESIAN_POINT('',(10.7815300546448,0.420766009797404,-0.710383004898702));
#1989=CARTESIAN_POINT('',(12.5008044884087,-1.61907524424502E-17,-0.145585298323749));
#1990=CARTESIAN_POINT('',(12.5008044884087,0.0395028077882168,-0.145585298323749));
#1991=CARTESIAN_POINT('',(12.5008044884087,0.0764098643517581,-0.129451109619524));
#1992=CARTESIAN_POINT('',(12.6081967213115,0.,-0.1));
#1993=CARTESIAN_POINT('',(12.6081967213115,0.0275957512246755,-0.1));
#1994=CARTESIAN_POINT('',(12.6081967213115,0.0525957512246756,-0.0887978756123378));
#1995=CARTESIAN_POINT('',(10.6081967213115,0.565574507348053,-0.565574507348053));
#1996=CARTESIAN_POINT('',(10.6081967213115,0.710383004898702,-0.420766009797404));
#1997=CARTESIAN_POINT('',(10.6081967213115,0.8,-0.220766009797404));
#1998=CARTESIAN_POINT('',(10.6081967213115,0.8,0.));
#1999=CARTESIAN_POINT('',(10.7815300546448,0.565574507348053,-0.565574507348053));
#2000=CARTESIAN_POINT('',(10.7815300546448,0.710383004898702,-0.420766009797404));
#2001=CARTESIAN_POINT('',(10.7815300546448,0.8,-0.220766009797404));
#2002=CARTESIAN_POINT('',(10.7815300546448,0.8,0.));
#2003=CARTESIAN_POINT('',(12.5008044884087,0.102930486985641,-0.102930486985641));
#2004=CARTESIAN_POINT('',(12.5008044884087,0.129451109619524,-0.0764098643517581));
#2005=CARTESIAN_POINT('',(12.5008044884087,0.145585298323749,-0.0395028077882168));
#2006=CARTESIAN_POINT('',(12.5008044884087,0.145585298323749,-2.31296463463574E-18));
#2007=CARTESIAN_POINT('',(12.6081967213115,0.0706968134185067,-0.0706968134185067));
#2008=CARTESIAN_POINT('',(12.6081967213115,0.0887978756123378,-0.0525957512246755));
#2009=CARTESIAN_POINT('',(12.6081967213115,0.1,-0.0275957512246755));
#2010=CARTESIAN_POINT('',(12.6081967213115,0.1,0.));
#2011=B_SPLINE_SURFACE_WITH_KNOTS('Surf_MWRRJKCYOJ, Core, 0, 17',3,3,((#2012, #2013, #2014, #2021, #2022, #2023, #2024),(#2015, #2016, #2017, #2025, #2026, #2027, #2028),(#2018, #2019, #2020, #2029, #2030, #2031, #2032),(#2033, #2034, #2035, #2045, #2046, #2047, #2048),(#2036, #2037, #2038, #2049, #2050, #2051, #2052),(#2039, #2040, #2041, #2053, #2054, #2055, #2056),(#2042, #2043, #2044, #2057, #2058, #2059, #2060)),.UNSPECIFIED.,.F.,.F.,.F.,(4,3,4),(4,3,4),(0.,1.,2.),(0.,1.,2.),.PIECEWISE_BEZIER_KNOTS.);
#2012=CARTESIAN_POINT('',(9.30819672131148,-0.8,0.));
#2013=CARTESIAN_POINT('',(9.30819672131148,-0.8,-0.220766009797404));
#2014=CARTESIAN_POINT('',(9.30819672131148,-0.710383004898702,-0.420766009797404));
#2015=CARTESIAN_POINT('',(9.52486338797814,-0.8,0.));
#2016=CARTESIAN_POINT('',(9.52486338797814,-0.8,-0.220766009797404));
#2017=CARTESIAN_POINT('',(9.52486338797814,-0.710383004898702,-0.420766009797404));
#2018=CARTESIAN_POINT('',(10.1748633879781,-0.8,0.));
#2019=CARTESIAN_POINT('',(10.1748633879781,-0.8,-0.220766009797404));
#2020=CARTESIAN_POINT('',(10.1748633879781,-0.710383004898702,-0.420766009797404));
#2021=CARTESIAN_POINT('',(9.30819672131148,-0.565574507348053,-0.565574507348053));
#2022=CARTESIAN_POINT('',(9.30819672131148,-0.420766009797404,-0.710383004898702));
#2023=CARTESIAN_POINT('',(9.30819672131148,-0.220766009797404,-0.8));
#2024=CARTESIAN_POINT('',(9.30819672131148,0.,-0.8));
#2025=CARTESIAN_POINT('',(9.52486338797814,-0.565574507348053,-0.565574507348053));
#2026=CARTESIAN_POINT('',(9.52486338797814,-0.420766009797404,-0.710383004898702));
#2027=CARTESIAN_POINT('',(9.52486338797814,-0.220766009797404,-0.8));
#2028=CARTESIAN_POINT('',(9.52486338797814,0.,-0.8));
#2029=CARTESIAN_POINT('',(10.1748633879781,-0.565574507348053,-0.565574507348053));
#2030=CARTESIAN_POINT('',(10.1748633879781,-0.420766009797404,-0.710383004898702));
#2031=CARTESIAN_POINT('',(10.1748633879781,-0.220766009797404,-0.8));
#2032=CARTESIAN_POINT('',(10.1748633879781,0.,-0.8));
#2033=CARTESIAN_POINT('',(10.6081967213115,-0.8,0.));
#2034=CARTESIAN_POINT('',(10.6081967213115,-0.8,-0.220766009797404));
#2035=CARTESIAN_POINT('',(10.6081967213115,-0.710383004898702,-0.420766009797404));
#2036=CARTESIAN_POINT('',(10.7815300546448,-0.8,0.));
#2037=CARTESIAN_POINT('',(10.7815300546448,-0.8,-0.220766009797404));
#2038=CARTESIAN_POINT('',(10.7815300546448,-0.710383004898702,-0.420766009797404));
#2039=CARTESIAN_POINT('',(12.5008044884087,-0.145585298323749,-1.72701359386135E-17));
#2040=CARTESIAN_POINT('',(12.5008044884087,-0.145585298323749,-0.0395028077882169));
#2041=CARTESIAN_POINT('',(12.5008044884087,-0.129451109619524,-0.0764098643517581));
#2042=CARTESIAN_POINT('',(12.6081967213115,-0.1,0.));
#2043=CARTESIAN_POINT('',(12.6081967213115,-0.1,-0.0275957512246755));
#2044=CARTESIAN_POINT('',(12.6081967213115,-0.0887978756123378,-0.0525957512246755));
#2045=CARTESIAN_POINT('',(10.6081967213115,-0.565574507348053,-0.565574507348053));
#2046=CARTESIAN_POINT('',(10.6081967213115,-0.420766009797404,-0.710383004898702));
#2047=CARTESIAN_POINT('',(10.6081967213115,-0.220766009797404,-0.8));
#2048=CARTESIAN_POINT('',(10.6081967213115,0.,-0.8));
#2049=CARTESIAN_POINT('',(10.7815300546448,-0.565574507348053,-0.565574507348053));
#2050=CARTESIAN_POINT('',(10.7815300546448,-0.420766009797404,-0.710383004898702));
#2051=CARTESIAN_POINT('',(10.7815300546448,-0.220766009797404,-0.8));
#2052=CARTESIAN_POINT('',(10.7815300546448,0.,-0.8));
#2053=CARTESIAN_POINT('',(12.5008044884087,-0.102930486985641,-0.102930486985641));
#2054=CARTESIAN_POINT('',(12.5008044884087,-0.0764098643517581,-0.129451109619524));
#2055=CARTESIAN_POINT('',(12.5008044884087,-0.0395028077882168,-0.145585298323749));
#2056=CARTESIAN_POINT('',(12.5008044884087,-1.61907524424502E-17,-0.145585298323749));
#2057=CARTESIAN_POINT('',(12.6081967213115,-0.0706968134185067,-0.0706968134185067));
#2058=CARTESIAN_POINT('',(12.6081967213115,-0.0525957512246755,-0.0887978756123378));
#2059=CARTESIAN_POINT('',(12.6081967213115,-0.0275957512246755,-0.1));
#2060=CARTESIAN_POINT('',(12.6081967213115,0.,-0.1));
#2061=B_SPLINE_SURFACE_WITH_KNOTS('Surf_MWRRJKCYOJ, Core, 0, 18',3,3,((#2062, #2063, #2064, #2071, #2072, #2073, #2074),(#2065, #2066, #2067, #2075, #2076, #2077, #2078),(#2068, #2069, #2070, #2079, #2080, #2081, #2082),(#2083, #2084, #2085, #2095, #2096, #2097, #2098),(#2086, #2087, #2088, #2099, #2100, #2101, #2102),(#2089, #2090, #2091, #2103, #2104, #2105, #2106),(#2092, #2093, #2094, #2107, #2108, #2109, #2110)),.UNSPECIFIED.,.F.,.F.,.F.,(4,3,4),(4,3,4),(0.,1.,2.),(0.,1.,2.),.PIECEWISE_BEZIER_KNOTS.);
#2062=CARTESIAN_POINT('',(9.30819672131148,0.,0.8));
#2063=CARTESIAN_POINT('',(9.30819672131148,-0.220766009797404,0.8));
#2064=CARTESIAN_POINT('',(9.30819672131148,-0.420766009797404,0.710383004898702));
#2065=CARTESIAN_POINT('',(9.52486338797814,0.,0.8));
#2066=CARTESIAN_POINT('',(9.52486338797814,-0.220766009797404,0.8));
#2067=CARTESIAN_POINT('',(9.52486338797814,-0.420766009797404,0.710383004898702));
#2068=CARTESIAN_POINT('',(10.1748633879781,0.,0.8));
#2069=CARTESIAN_POINT('',(10.1748633879781,-0.220766009797404,0.8));
#2070=CARTESIAN_POINT('',(10.1748633879781,-0.420766009797404,0.710383004898702));
#2071=CARTESIAN_POINT('',(9.30819672131148,-0.565574507348053,0.565574507348053));
#2072=CARTESIAN_POINT('',(9.30819672131148,-0.710383004898702,0.420766009797404));
#2073=CARTESIAN_POINT('',(9.30819672131148,-0.8,0.220766009797404));
#2074=CARTESIAN_POINT('',(9.30819672131148,-0.8,0.));
#2075=CARTESIAN_POINT('',(9.52486338797814,-0.565574507348053,0.565574507348053));
#2076=CARTESIAN_POINT('',(9.52486338797814,-0.710383004898702,0.420766009797404));
#2077=CARTESIAN_POINT('',(9.52486338797814,-0.8,0.220766009797404));
#2078=CARTESIAN_POINT('',(9.52486338797814,-0.8,0.));
#2079=CARTESIAN_POINT('',(10.1748633879781,-0.565574507348053,0.565574507348053));
#2080=CARTESIAN_POINT('',(10.1748633879781,-0.710383004898702,0.420766009797404));
#2081=CARTESIAN_POINT('',(10.1748633879781,-0.8,0.220766009797404));
#2082=CARTESIAN_POINT('',(10.1748633879781,-0.8,0.));
#2083=CARTESIAN_POINT('',(10.6081967213115,0.,0.8));
#2084=CARTESIAN_POINT('',(10.6081967213115,-0.220766009797404,0.8));
#2085=CARTESIAN_POINT('',(10.6081967213115,-0.420766009797404,0.710383004898702));
#2086=CARTESIAN_POINT('',(10.7815300546448,0.,0.8));
#2087=CARTESIAN_POINT('',(10.7815300546448,-0.220766009797404,0.8));
#2088=CARTESIAN_POINT('',(10.7815300546448,-0.420766009797404,0.710383004898702));
#2089=CARTESIAN_POINT('',(12.5008044884087,-1.48738012868442E-17,0.145585298323749));
#2090=CARTESIAN_POINT('',(12.5008044884087,-0.0395028077882168,0.145585298323749));
#2091=CARTESIAN_POINT('',(12.5008044884087,-0.0764098643517581,0.129451109619524));
#2092=CARTESIAN_POINT('',(12.6081967213115,0.,0.1));
#2093=CARTESIAN_POINT('',(12.6081967213115,-0.0275957512246755,0.1));
#2094=CARTESIAN_POINT('',(12.6081967213115,-0.0525957512246755,0.0887978756123378));
#2095=CARTESIAN_POINT('',(10.6081967213115,-0.565574507348053,0.565574507348053));
#2096=CARTESIAN_POINT('',(10.6081967213115,-0.710383004898702,0.420766009797404));
#2097=CARTESIAN_POINT('',(10.6081967213115,-0.8,0.220766009797404));
#2098=CARTESIAN_POINT('',(10.6081967213115,-0.8,0.));
#2099=CARTESIAN_POINT('',(10.7815300546448,-0.565574507348053,0.565574507348053));
#2100=CARTESIAN_POINT('',(10.7815300546448,-0.710383004898702,0.420766009797404));
#2101=CARTESIAN_POINT('',(10.7815300546448,-0.8,0.220766009797404));
#2102=CARTESIAN_POINT('',(10.7815300546448,-0.8,0.));
#2103=CARTESIAN_POINT('',(12.5008044884087,-0.102930486985641,0.102930486985641));
#2104=CARTESIAN_POINT('',(12.5008044884087,-0.129451109619524,0.0764098643517582));
#2105=CARTESIAN_POINT('',(12.5008044884087,-0.145585298323749,0.0395028077882168));
#2106=CARTESIAN_POINT('',(12.5008044884087,-0.145585298323749,-1.72701359386135E-17));
#2107=CARTESIAN_POINT('',(12.6081967213115,-0.0706968134185067,0.0706968134185067));
#2108=CARTESIAN_POINT('',(12.6081967213115,-0.0887978756123378,0.0525957512246755));
#2109=CARTESIAN_POINT('',(12.6081967213115,-0.1,0.0275957512246755));
#2110=CARTESIAN_POINT('',(12.6081967213115,-0.1,0.));
#2111=B_SPLINE_SURFACE_WITH_KNOTS('Surf_MWRRJKCYOJ, Core, 0, 19',3,3,((#2112, #2113, #2114, #2121, #2122, #2123, #2124),(#2115, #2116, #2117, #2125, #2126, #2127, #2128),(#2118, #2119, #2120, #2129, #2130, #2131, #2132),(#2133, #2134, #2135, #2145, #2146, #2147, #2148),(#2136, #2137, #2138, #2149, #2150, #2151, #2152),(#2139, #2140, #2141, #2153, #2154, #2155, #2156),(#2142, #2143, #2144, #2157, #2158, #2159, #2160)),.UNSPECIFIED.,.F.,.F.,.F.,(4,3,4),(4,3,4),(0.,1.,2.),(0.,1.,2.),.PIECEWISE_BEZIER_KNOTS.);
#2112=CARTESIAN_POINT('',(9.30819672131148,0.8,0.));
#2113=CARTESIAN_POINT('',(9.30819672131148,0.8,0.220766009797404));
#2114=CARTESIAN_POINT('',(9.30819672131148,0.710383004898702,0.420766009797404));
#2115=CARTESIAN_POINT('',(9.52486338797814,0.8,0.));
#2116=CARTESIAN_POINT('',(9.52486338797814,0.8,0.220766009797404));
#2117=CARTESIAN_POINT('',(9.52486338797814,0.710383004898702,0.420766009797404));
#2118=CARTESIAN_POINT('',(10.1748633879781,0.8,0.));
#2119=CARTESIAN_POINT('',(10.1748633879781,0.8,0.220766009797404));
#2120=CARTESIAN_POINT('',(10.1748633879781,0.710383004898702,0.420766009797404));
#2121=CARTESIAN_POINT('',(9.30819672131148,0.565574507348053,0.565574507348053));
#2122=CARTESIAN_POINT('',(9.30819672131148,0.420766009797404,0.710383004898702));
#2123=CARTESIAN_POINT('',(9.30819672131148,0.220766009797404,0.8));
#2124=CARTESIAN_POINT('',(9.30819672131148,0.,0.8));
#2125=CARTESIAN_POINT('',(9.52486338797814,0.565574507348053,0.565574507348053));
#2126=CARTESIAN_POINT('',(9.52486338797814,0.420766009797404,0.710383004898702));
#2127=CARTESIAN_POINT('',(9.52486338797814,0.220766009797404,0.8));
#2128=CARTESIAN_POINT('',(9.52486338797814,0.,0.8));
#2129=CARTESIAN_POINT('',(10.1748633879781,0.565574507348053,0.565574507348053));
#2130=CARTESIAN_POINT('',(10.1748633879781,0.420766009797404,0.710383004898702));
#2131=CARTESIAN_POINT('',(10.1748633879781,0.220766009797404,0.8));
#2132=CARTESIAN_POINT('',(10.1748633879781,0.,0.8));
#2133=CARTESIAN_POINT('',(10.6081967213115,0.8,0.));
#2134=CARTESIAN_POINT('',(10.6081967213115,0.8,0.220766009797404));
#2135=CARTESIAN_POINT('',(10.6081967213115,0.710383004898702,0.420766009797404));
#2136=CARTESIAN_POINT('',(10.7815300546448,0.8,0.));
#2137=CARTESIAN_POINT('',(10.7815300546448,0.8,0.220766009797404));
#2138=CARTESIAN_POINT('',(10.7815300546448,0.710383004898702,0.420766009797404));
#2139=CARTESIAN_POINT('',(12.5008044884087,0.145585298323749,0.));
#2140=CARTESIAN_POINT('',(12.5008044884087,0.145585298323749,0.0395028077882168));
#2141=CARTESIAN_POINT('',(12.5008044884087,0.129451109619524,0.0764098643517581));
#2142=CARTESIAN_POINT('',(12.6081967213115,0.1,0.));
#2143=CARTESIAN_POINT('',(12.6081967213115,0.1,0.0275957512246755));
#2144=CARTESIAN_POINT('',(12.6081967213115,0.0887978756123378,0.0525957512246755));
#2145=CARTESIAN_POINT('',(10.6081967213115,0.565574507348053,0.565574507348053));
#2146=CARTESIAN_POINT('',(10.6081967213115,0.420766009797404,0.710383004898702));
#2147=CARTESIAN_POINT('',(10.6081967213115,0.220766009797404,0.8));
#2148=CARTESIAN_POINT('',(10.6081967213115,0.,0.8));
#2149=CARTESIAN_POINT('',(10.7815300546448,0.565574507348053,0.565574507348053));
#2150=CARTESIAN_POINT('',(10.7815300546448,0.420766009797404,0.710383004898702));
#2151=CARTESIAN_POINT('',(10.7815300546448,0.220766009797404,0.8));
#2152=CARTESIAN_POINT('',(10.7815300546448,0.,0.8));
#2153=CARTESIAN_POINT('',(12.5008044884087,0.102930486985641,0.102930486985641));
#2154=CARTESIAN_POINT('',(12.5008044884087,0.0764098643517581,0.129451109619524));
#2155=CARTESIAN_POINT('',(12.5008044884087,0.0395028077882168,0.145585298323749));
#2156=CARTESIAN_POINT('',(12.5008044884087,-1.48738012868442E-17,0.145585298323749));
#2157=CARTESIAN_POINT('',(12.6081967213115,0.0706968134185067,0.0706968134185067));
#2158=CARTESIAN_POINT('',(12.6081967213115,0.0525957512246756,0.0887978756123378));
#2159=CARTESIAN_POINT('',(12.6081967213115,0.0275957512246755,0.1));
#2160=CARTESIAN_POINT('',(12.6081967213115,0.,0.1));
#2161=B_SPLINE_SURFACE_WITH_KNOTS('Surf_MWRRJKCYOJ, Core, 0, 20',2,3,((#2162, #2163, #2164, #2171, #2172, #2173, #2174),(#2165, #2166, #2167, #2175, #2176, #2177, #2178),(#2168, #2169, #2170, #2179, #2180, #2181, #2182)),.UNSPECIFIED.,.F.,.F.,.F.,(3,3),(4,3,4),(0.,1.),(0.,1.,2.),.PIECEWISE_BEZIER_KNOTS.);
#2162=CARTESIAN_POINT('',(12.6081967213115,0.,-0.1));
#2163=CARTESIAN_POINT('',(12.6081967213115,0.0275957512246755,-0.1));
#2164=CARTESIAN_POINT('',(12.6081967213115,0.0525957512246756,-0.0887978756123378));
#2165=CARTESIAN_POINT('',(12.6081967213115,-5.20417042793042E-18,-0.0375));
#2166=CARTESIAN_POINT('',(12.6081967213115,0.009375,-0.0375));
#2167=CARTESIAN_POINT('',(12.6081967213115,0.01875,-0.0328125));
#2168=CARTESIAN_POINT('',(12.6081967213115,0.,0.));
#2169=CARTESIAN_POINT('',(12.6081967213115,0.,0.));
#2170=CARTESIAN_POINT('',(12.6081967213115,0.,0.));
#2171=CARTESIAN_POINT('',(12.6081967213115,0.0706968134185067,-0.0706968134185067));
#2172=CARTESIAN_POINT('',(12.6081967213115,0.0887978756123378,-0.0525957512246755));
#2173=CARTESIAN_POINT('',(12.6081967213115,0.1,-0.0275957512246755));
#2174=CARTESIAN_POINT('',(12.6081967213115,0.1,0.));
#2175=CARTESIAN_POINT('',(12.6081967213115,0.02578125,-0.02578125));
#2176=CARTESIAN_POINT('',(12.6081967213115,0.0328125,-0.01875));
#2177=CARTESIAN_POINT('',(12.6081967213115,0.0375,-0.009375));
#2178=CARTESIAN_POINT('',(12.6081967213115,0.0375,0.));
#2179=CARTESIAN_POINT('',(12.6081967213115,0.,0.));
#2180=CARTESIAN_POINT('',(12.6081967213115,0.,0.));
#2181=CARTESIAN_POINT('',(12.6081967213115,0.,0.));
#2182=CARTESIAN_POINT('',(12.6081967213115,0.,0.));
#2183=B_SPLINE_SURFACE_WITH_KNOTS('Surf_MWRRJKCYOJ, Core, 0, 21',2,3,((#2184, #2185, #2186, #2193, #2194, #2195, #2196),(#2187, #2188, #2189, #2197, #2198, #2199, #2200),(#2190, #2191, #2192, #2201, #2202, #2203, #2204)),.UNSPECIFIED.,.F.,.F.,.F.,(3,3),(4,3,4),(0.,1.),(0.,1.,2.),.PIECEWISE_BEZIER_KNOTS.);
#2184=CARTESIAN_POINT('',(12.6081967213115,-0.1,0.));
#2185=CARTESIAN_POINT('',(12.6081967213115,-0.1,-0.0275957512246755));
#2186=CARTESIAN_POINT('',(12.6081967213115,-0.0887978756123378,-0.0525957512246755));
#2187=CARTESIAN_POINT('',(12.6081967213115,-0.0375,-6.93889390390723E-18));
#2188=CARTESIAN_POINT('',(12.6081967213115,-0.0375,-0.009375));
#2189=CARTESIAN_POINT('',(12.6081967213115,-0.0328125,-0.01875));
#2190=CARTESIAN_POINT('',(12.6081967213115,0.,0.));
#2191=CARTESIAN_POINT('',(12.6081967213115,0.,0.));
#2192=CARTESIAN_POINT('',(12.6081967213115,0.,0.));
#2193=CARTESIAN_POINT('',(12.6081967213115,-0.0706968134185067,-0.0706968134185067));
#2194=CARTESIAN_POINT('',(12.6081967213115,-0.0525957512246755,-0.0887978756123378));
#2195=CARTESIAN_POINT('',(12.6081967213115,-0.0275957512246755,-0.1));
#2196=CARTESIAN_POINT('',(12.6081967213115,0.,-0.1));
#2197=CARTESIAN_POINT('',(12.6081967213115,-0.02578125,-0.02578125));
#2198=CARTESIAN_POINT('',(12.6081967213115,-0.01875,-0.0328125));
#2199=CARTESIAN_POINT('',(12.6081967213115,-0.00937500000000001,-0.0375));
#2200=CARTESIAN_POINT('',(12.6081967213115,-5.20417042793042E-18,-0.0375));
#2201=CARTESIAN_POINT('',(12.6081967213115,0.,0.));
#2202=CARTESIAN_POINT('',(12.6081967213115,0.,0.));
#2203=CARTESIAN_POINT('',(12.6081967213115,0.,0.));
#2204=CARTESIAN_POINT('',(12.6081967213115,0.,0.));
#2205=B_SPLINE_SURFACE_WITH_KNOTS('Surf_MWRRJKCYOJ, Core, 0, 22',2,3,((#2206, #2207, #2208, #2215, #2216, #2217, #2218),(#2209, #2210, #2211, #2219, #2220, #2221, #2222),(#2212, #2213, #2214, #2223, #2224, #2225, #2226)),.UNSPECIFIED.,.F.,.F.,.F.,(3,3),(4,3,4),(0.,1.),(0.,1.,2.),.PIECEWISE_BEZIER_KNOTS.);
#2206=CARTESIAN_POINT('',(12.6081967213115,0.,0.1));
#2207=CARTESIAN_POINT('',(12.6081967213115,-0.0275957512246755,0.1));
#2208=CARTESIAN_POINT('',(12.6081967213115,-0.0525957512246755,0.0887978756123378));
#2209=CARTESIAN_POINT('',(12.6081967213115,-5.20417042793042E-18,0.0375));
#2210=CARTESIAN_POINT('',(12.6081967213115,-0.00937500000000001,0.0375));
#2211=CARTESIAN_POINT('',(12.6081967213115,-0.01875,0.0328125));
#2212=CARTESIAN_POINT('',(12.6081967213115,0.,0.));
#2213=CARTESIAN_POINT('',(12.6081967213115,0.,0.));
#2214=CARTESIAN_POINT('',(12.6081967213115,0.,0.));
#2215=CARTESIAN_POINT('',(12.6081967213115,-0.0706968134185067,0.0706968134185067));
#2216=CARTESIAN_POINT('',(12.6081967213115,-0.0887978756123378,0.0525957512246755));
#2217=CARTESIAN_POINT('',(12.6081967213115,-0.1,0.0275957512246755));
#2218=CARTESIAN_POINT('',(12.6081967213115,-0.1,0.));
#2219=CARTESIAN_POINT('',(12.6081967213115,-0.02578125,0.02578125));
#2220=CARTESIAN_POINT('',(12.6081967213115,-0.0328125,0.01875));
#2221=CARTESIAN_POINT('',(12.6081967213115,-0.0375,0.00937499999999999));
#2222=CARTESIAN_POINT('',(12.6081967213115,-0.0375,-6.93889390390723E-18));
#2223=CARTESIAN_POINT('',(12.6081967213115,0.,0.));
#2224=CARTESIAN_POINT('',(12.6081967213115,0.,0.));
#2225=CARTESIAN_POINT('',(12.6081967213115,0.,0.));
#2226=CARTESIAN_POINT('',(12.6081967213115,0.,0.));
#2227=B_SPLINE_SURFACE_WITH_KNOTS('Surf_MWRRJKCYOJ, Core, 0, 23',2,3,((#2228, #2229, #2230, #2237, #2238, #2239, #2240),(#2231, #2232, #2233, #2241, #2242, #2243, #2244),(#2234, #2235, #2236, #2245, #2246, #2247, #2248)),.UNSPECIFIED.,.F.,.F.,.F.,(3,3),(4,3,4),(0.,1.),(0.,1.,2.),.PIECEWISE_BEZIER_KNOTS.);
#2228=CARTESIAN_POINT('',(12.6081967213115,0.1,0.));
#2229=CARTESIAN_POINT('',(12.6081967213115,0.1,0.0275957512246755));
#2230=CARTESIAN_POINT('',(12.6081967213115,0.0887978756123378,0.0525957512246755));
#2231=CARTESIAN_POINT('',(12.6081967213115,0.0375,0.));
#2232=CARTESIAN_POINT('',(12.6081967213115,0.0375,0.009375));
#2233=CARTESIAN_POINT('',(12.6081967213115,0.0328125,0.01875));
#2234=CARTESIAN_POINT('',(12.6081967213115,0.,0.));
#2235=CARTESIAN_POINT('',(12.6081967213115,0.,0.));
#2236=CARTESIAN_POINT('',(12.6081967213115,0.,0.));
#2237=CARTESIAN_POINT('',(12.6081967213115,0.0706968134185067,0.0706968134185067));
#2238=CARTESIAN_POINT('',(12.6081967213115,0.0525957512246756,0.0887978756123378));
#2239=CARTESIAN_POINT('',(12.6081967213115,0.0275957512246755,0.1));
#2240=CARTESIAN_POINT('',(12.6081967213115,0.,0.1));
#2241=CARTESIAN_POINT('',(12.6081967213115,0.02578125,0.02578125));
#2242=CARTESIAN_POINT('',(12.6081967213115,0.01875,0.0328125));
#2243=CARTESIAN_POINT('',(12.6081967213115,0.00937499999999999,0.0375));
#2244=CARTESIAN_POINT('',(12.6081967213115,-5.20417042793042E-18,0.0375));
#2245=CARTESIAN_POINT('',(12.6081967213115,0.,0.));
#2246=CARTESIAN_POINT('',(12.6081967213115,0.,0.));
#2247=CARTESIAN_POINT('',(12.6081967213115,0.,0.));
#2248=CARTESIAN_POINT('',(12.6081967213115,0.,0.));
#2249=GEOMETRIC_SET('MWRRJKCYOJ, Core, 0',(#1245,#1337,#1429,#1521,#1613,#1642,#1671,#1700,#1729,#1758,#1787,#1816,#1845,#1874,#1903,#1932,#1961,#2011,#2061,#2111,#2161,#2183,#2205,#2227));
#2250=GEOMETRICALLY_BOUNDED_SURFACE_SHAPE_REPRESENTATION('',(#2249),#12);
#2251=SHAPE_REPRESENTATION_RELATIONSHIP('','',#26,#2250);
#2252=B_SPLINE_SURFACE_WITH_KNOTS('Surf_PEFXWPKNIL, Fan Puck, 0, 0',1,3,((#2253, #2254, #2255, #2259, #2260, #2261, #2262),(#2256, #2257, #2258, #2263, #2264, #2265, #2266)),.UNSPECIFIED.,.F.,.F.,.F.,(2,2),(4,3,4),(0.,1.),(0.,1.,2.),.PIECEWISE_BEZIER_KNOTS.);
#2253=CARTESIAN_POINT('',(-0.65,0.,0.));
#2254=CARTESIAN_POINT('',(-0.65,0.,0.));
#2255=CARTESIAN_POINT('',(-0.65,0.,0.));
#2256=CARTESIAN_POINT('',(-0.65,0.,-3.75));
#2257=CARTESIAN_POINT('',(-0.65,1.03484067092533,-3.75));
#2258=CARTESIAN_POINT('',(-0.65,1.97234067092533,-3.32992033546267));
#2259=CARTESIAN_POINT('',(-0.65,0.,0.));
#2260=CARTESIAN_POINT('',(-0.65,0.,0.));
#2261=CARTESIAN_POINT('',(-0.65,0.,0.));
#2262=CARTESIAN_POINT('',(-0.65,0.,0.));
#2263=CARTESIAN_POINT('',(-0.65,2.651130503194,-2.651130503194));
#2264=CARTESIAN_POINT('',(-0.65,3.32992033546267,-1.97234067092533));
#2265=CARTESIAN_POINT('',(-0.65,3.75,-1.03484067092533));
#2266=CARTESIAN_POINT('',(-0.65,3.75,0.));
#2267=B_SPLINE_SURFACE_WITH_KNOTS('Surf_PEFXWPKNIL, Fan Puck, 0, 1',1,3,((#2268, #2269, #2270, #2274, #2275, #2276, #2277),(#2271, #2272, #2273, #2278, #2279, #2280, #2281)),.UNSPECIFIED.,.F.,.F.,.F.,(2,2),(4,3,4),(0.,1.),(0.,1.,2.),.PIECEWISE_BEZIER_KNOTS.);
#2268=CARTESIAN_POINT('',(-0.65,0.,0.));
#2269=CARTESIAN_POINT('',(-0.65,0.,0.));
#2270=CARTESIAN_POINT('',(-0.65,0.,0.));
#2271=CARTESIAN_POINT('',(-0.65,-3.75,0.));
#2272=CARTESIAN_POINT('',(-0.65,-3.75,-1.03484067092533));
#2273=CARTESIAN_POINT('',(-0.65,-3.32992033546267,-1.97234067092533));
#2274=CARTESIAN_POINT('',(-0.65,0.,0.));
#2275=CARTESIAN_POINT('',(-0.65,0.,0.));
#2276=CARTESIAN_POINT('',(-0.65,0.,0.));
#2277=CARTESIAN_POINT('',(-0.65,0.,0.));
#2278=CARTESIAN_POINT('',(-0.65,-2.651130503194,-2.651130503194));
#2279=CARTESIAN_POINT('',(-0.65,-1.97234067092533,-3.32992033546267));
#2280=CARTESIAN_POINT('',(-0.65,-1.03484067092533,-3.75));
#2281=CARTESIAN_POINT('',(-0.65,0.,-3.75));
#2282=B_SPLINE_SURFACE_WITH_KNOTS('Surf_PEFXWPKNIL, Fan Puck, 0, 2',1,3,((#2283, #2284, #2285, #2289, #2290, #2291, #2292),(#2286, #2287, #2288, #2293, #2294, #2295, #2296)),.UNSPECIFIED.,.F.,.F.,.F.,(2,2),(4,3,4),(0.,1.),(0.,1.,2.),.PIECEWISE_BEZIER_KNOTS.);
#2283=CARTESIAN_POINT('',(-0.65,0.,0.));
#2284=CARTESIAN_POINT('',(-0.65,0.,0.));
#2285=CARTESIAN_POINT('',(-0.65,0.,0.));
#2286=CARTESIAN_POINT('',(-0.65,0.,3.75));
#2287=CARTESIAN_POINT('',(-0.65,-1.03484067092533,3.75));
#2288=CARTESIAN_POINT('',(-0.65,-1.97234067092533,3.32992033546267));
#2289=CARTESIAN_POINT('',(-0.65,0.,0.));
#2290=CARTESIAN_POINT('',(-0.65,0.,0.));
#2291=CARTESIAN_POINT('',(-0.65,0.,0.));
#2292=CARTESIAN_POINT('',(-0.65,0.,0.));
#2293=CARTESIAN_POINT('',(-0.65,-2.651130503194,2.651130503194));
#2294=CARTESIAN_POINT('',(-0.65,-3.32992033546267,1.97234067092533));
#2295=CARTESIAN_POINT('',(-0.65,-3.75,1.03484067092533));
#2296=CARTESIAN_POINT('',(-0.65,-3.75,0.));
#2297=B_SPLINE_SURFACE_WITH_KNOTS('Surf_PEFXWPKNIL, Fan Puck, 0, 3',1,3,((#2298, #2299, #2300, #2304, #2305, #2306, #2307),(#2301, #2302, #2303, #2308, #2309, #2310, #2311)),.UNSPECIFIED.,.F.,.F.,.F.,(2,2),(4,3,4),(0.,1.),(0.,1.,2.),.PIECEWISE_BEZIER_KNOTS.);
#2298=CARTESIAN_POINT('',(-0.65,0.,0.));
#2299=CARTESIAN_POINT('',(-0.65,0.,0.));
#2300=CARTESIAN_POINT('',(-0.65,0.,0.));
#2301=CARTESIAN_POINT('',(-0.65,3.75,0.));
#2302=CARTESIAN_POINT('',(-0.65,3.75,1.03484067092533));
#2303=CARTESIAN_POINT('',(-0.65,3.32992033546267,1.97234067092533));
#2304=CARTESIAN_POINT('',(-0.65,0.,0.));
#2305=CARTESIAN_POINT('',(-0.65,0.,0.));
#2306=CARTESIAN_POINT('',(-0.65,0.,0.));
#2307=CARTESIAN_POINT('',(-0.65,0.,0.));
#2308=CARTESIAN_POINT('',(-0.65,2.651130503194,2.651130503194));
#2309=CARTESIAN_POINT('',(-0.65,1.97234067092533,3.32992033546267));
#2310=CARTESIAN_POINT('',(-0.65,1.03484067092533,3.75));
#2311=CARTESIAN_POINT('',(-0.65,0.,3.75));
#2312=B_SPLINE_SURFACE_WITH_KNOTS('Surf_PEFXWPKNIL, Fan Puck, 0, 4',1,3,((#2313, #2314, #2315, #2319, #2320, #2321, #2322),(#2316, #2317, #2318, #2323, #2324, #2325, #2326)),.UNSPECIFIED.,.F.,.F.,.F.,(2,2),(4,3,4),(0.,1.),(0.,1.,2.),.PIECEWISE_BEZIER_KNOTS.);
#2313=CARTESIAN_POINT('',(-0.65,0.,-3.75));
#2314=CARTESIAN_POINT('',(-0.65,1.03484067092533,-3.75));
#2315=CARTESIAN_POINT('',(-0.65,1.97234067092533,-3.32992033546267));
#2316=CARTESIAN_POINT('',(1.85,0.,-3.75));
#2317=CARTESIAN_POINT('',(1.85,1.03484067092533,-3.75));
#2318=CARTESIAN_POINT('',(1.85,1.97234067092533,-3.32992033546267));
#2319=CARTESIAN_POINT('',(-0.65,2.651130503194,-2.651130503194));
#2320=CARTESIAN_POINT('',(-0.65,3.32992033546267,-1.97234067092533));
#2321=CARTESIAN_POINT('',(-0.65,3.75,-1.03484067092533));
#2322=CARTESIAN_POINT('',(-0.65,3.75,0.));
#2323=CARTESIAN_POINT('',(1.85,2.651130503194,-2.651130503194));
#2324=CARTESIAN_POINT('',(1.85,3.32992033546267,-1.97234067092533));
#2325=CARTESIAN_POINT('',(1.85,3.75,-1.03484067092533));
#2326=CARTESIAN_POINT('',(1.85,3.75,0.));
#2327=B_SPLINE_SURFACE_WITH_KNOTS('Surf_PEFXWPKNIL, Fan Puck, 0, 5',1,3,((#2328, #2329, #2330, #2334, #2335, #2336, #2337),(#2331, #2332, #2333, #2338, #2339, #2340, #2341)),.UNSPECIFIED.,.F.,.F.,.F.,(2,2),(4,3,4),(0.,1.),(0.,1.,2.),.PIECEWISE_BEZIER_KNOTS.);
#2328=CARTESIAN_POINT('',(-0.65,-3.75,0.));
#2329=CARTESIAN_POINT('',(-0.65,-3.75,-1.03484067092533));
#2330=CARTESIAN_POINT('',(-0.65,-3.32992033546267,-1.97234067092533));
#2331=CARTESIAN_POINT('',(1.85,-3.75,0.));
#2332=CARTESIAN_POINT('',(1.85,-3.75,-1.03484067092533));
#2333=CARTESIAN_POINT('',(1.85,-3.32992033546267,-1.97234067092533));
#2334=CARTESIAN_POINT('',(-0.65,-2.651130503194,-2.651130503194));
#2335=CARTESIAN_POINT('',(-0.65,-1.97234067092533,-3.32992033546267));
#2336=CARTESIAN_POINT('',(-0.65,-1.03484067092533,-3.75));
#2337=CARTESIAN_POINT('',(-0.65,0.,-3.75));
#2338=CARTESIAN_POINT('',(1.85,-2.651130503194,-2.651130503194));
#2339=CARTESIAN_POINT('',(1.85,-1.97234067092533,-3.32992033546267));
#2340=CARTESIAN_POINT('',(1.85,-1.03484067092533,-3.75));
#2341=CARTESIAN_POINT('',(1.85,0.,-3.75));
#2342=B_SPLINE_SURFACE_WITH_KNOTS('Surf_PEFXWPKNIL, Fan Puck, 0, 6',1,3,((#2343, #2344, #2345, #2349, #2350, #2351, #2352),(#2346, #2347, #2348, #2353, #2354, #2355, #2356)),.UNSPECIFIED.,.F.,.F.,.F.,(2,2),(4,3,4),(0.,1.),(0.,1.,2.),.PIECEWISE_BEZIER_KNOTS.);
#2343=CARTESIAN_POINT('',(-0.65,0.,3.75));
#2344=CARTESIAN_POINT('',(-0.65,-1.03484067092533,3.75));
#2345=CARTESIAN_POINT('',(-0.65,-1.97234067092533,3.32992033546267));
#2346=CARTESIAN_POINT('',(1.85,0.,3.75));
#2347=CARTESIAN_POINT('',(1.85,-1.03484067092533,3.75));
#2348=CARTESIAN_POINT('',(1.85,-1.97234067092533,3.32992033546267));
#2349=CARTESIAN_POINT('',(-0.65,-2.651130503194,2.651130503194));
#2350=CARTESIAN_POINT('',(-0.65,-3.32992033546267,1.97234067092533));
#2351=CARTESIAN_POINT('',(-0.65,-3.75,1.03484067092533));
#2352=CARTESIAN_POINT('',(-0.65,-3.75,0.));
#2353=CARTESIAN_POINT('',(1.85,-2.651130503194,2.651130503194));
#2354=CARTESIAN_POINT('',(1.85,-3.32992033546267,1.97234067092533));
#2355=CARTESIAN_POINT('',(1.85,-3.75,1.03484067092533));
#2356=CARTESIAN_POINT('',(1.85,-3.75,0.));
#2357=B_SPLINE_SURFACE_WITH_KNOTS('Surf_PEFXWPKNIL, Fan Puck, 0, 7',1,3,((#2358, #2359, #2360, #2364, #2365, #2366, #2367),(#2361, #2362, #2363, #2368, #2369, #2370, #2371)),.UNSPECIFIED.,.F.,.F.,.F.,(2,2),(4,3,4),(0.,1.),(0.,1.,2.),.PIECEWISE_BEZIER_KNOTS.);
#2358=CARTESIAN_POINT('',(-0.65,3.75,0.));
#2359=CARTESIAN_POINT('',(-0.65,3.75,1.03484067092533));
#2360=CARTESIAN_POINT('',(-0.65,3.32992033546267,1.97234067092533));
#2361=CARTESIAN_POINT('',(1.85,3.75,0.));
#2362=CARTESIAN_POINT('',(1.85,3.75,1.03484067092533));
#2363=CARTESIAN_POINT('',(1.85,3.32992033546267,1.97234067092533));
#2364=CARTESIAN_POINT('',(-0.65,2.651130503194,2.651130503194));
#2365=CARTESIAN_POINT('',(-0.65,1.97234067092533,3.32992033546267));
#2366=CARTESIAN_POINT('',(-0.65,1.03484067092533,3.75));
#2367=CARTESIAN_POINT('',(-0.65,0.,3.75));
#2368=CARTESIAN_POINT('',(1.85,2.651130503194,2.651130503194));
#2369=CARTESIAN_POINT('',(1.85,1.97234067092533,3.32992033546267));
#2370=CARTESIAN_POINT('',(1.85,1.03484067092533,3.75));
#2371=CARTESIAN_POINT('',(1.85,0.,3.75));
#2372=B_SPLINE_SURFACE_WITH_KNOTS('Surf_PEFXWPKNIL, Fan Puck, 0, 8',1,3,((#2373, #2374, #2375, #2379, #2380, #2381, #2382),(#2376, #2377, #2378, #2383, #2384, #2385, #2386)),.UNSPECIFIED.,.F.,.F.,.F.,(2,2),(4,3,4),(0.,1.),(0.,1.,2.),.PIECEWISE_BEZIER_KNOTS.);
#2373=CARTESIAN_POINT('',(1.85,0.,-3.75));
#2374=CARTESIAN_POINT('',(1.85,1.03484067092533,-3.75));
#2375=CARTESIAN_POINT('',(1.85,1.97234067092533,-3.32992033546267));
#2376=CARTESIAN_POINT('',(1.85,0.,0.));
#2377=CARTESIAN_POINT('',(1.85,0.,0.));
#2378=CARTESIAN_POINT('',(1.85,0.,0.));
#2379=CARTESIAN_POINT('',(1.85,2.651130503194,-2.651130503194));
#2380=CARTESIAN_POINT('',(1.85,3.32992033546267,-1.97234067092533));
#2381=CARTESIAN_POINT('',(1.85,3.75,-1.03484067092533));
#2382=CARTESIAN_POINT('',(1.85,3.75,0.));
#2383=CARTESIAN_POINT('',(1.85,0.,0.));
#2384=CARTESIAN_POINT('',(1.85,0.,0.));
#2385=CARTESIAN_POINT('',(1.85,0.,0.));
#2386=CARTESIAN_POINT('',(1.85,0.,0.));
#2387=B_SPLINE_SURFACE_WITH_KNOTS('Surf_PEFXWPKNIL, Fan Puck, 0, 9',1,3,((#2388, #2389, #2390, #2394, #2395, #2396, #2397),(#2391, #2392, #2393, #2398, #2399, #2400, #2401)),.UNSPECIFIED.,.F.,.F.,.F.,(2,2),(4,3,4),(0.,1.),(0.,1.,2.),.PIECEWISE_BEZIER_KNOTS.);
#2388=CARTESIAN_POINT('',(1.85,-3.75,0.));
#2389=CARTESIAN_POINT('',(1.85,-3.75,-1.03484067092533));
#2390=CARTESIAN_POINT('',(1.85,-3.32992033546267,-1.97234067092533));
#2391=CARTESIAN_POINT('',(1.85,0.,0.));
#2392=CARTESIAN_POINT('',(1.85,0.,0.));
#2393=CARTESIAN_POINT('',(1.85,0.,0.));
#2394=CARTESIAN_POINT('',(1.85,-2.651130503194,-2.651130503194));
#2395=CARTESIAN_POINT('',(1.85,-1.97234067092533,-3.32992033546267));
#2396=CARTESIAN_POINT('',(1.85,-1.03484067092533,-3.75));
#2397=CARTESIAN_POINT('',(1.85,0.,-3.75));
#2398=CARTESIAN_POINT('',(1.85,0.,0.));
#2399=CARTESIAN_POINT('',(1.85,0.,0.));
#2400=CARTESIAN_POINT('',(1.85,0.,0.));
#2401=CARTESIAN_POINT('',(1.85,0.,0.));
#2402=B_SPLINE_SURFACE_WITH_KNOTS('Surf_PEFXWPKNIL, Fan Puck, 0, 10',1,3,((#2403, #2404, #2405, #2409, #2410, #2411, #2412),(#2406, #2407, #2408, #2413, #2414, #2415, #2416)),.UNSPECIFIED.,.F.,.F.,.F.,(2,2),(4,3,4),(0.,1.),(0.,1.,2.),.PIECEWISE_BEZIER_KNOTS.);
#2403=CARTESIAN_POINT('',(1.85,0.,3.75));
#2404=CARTESIAN_POINT('',(1.85,-1.03484067092533,3.75));
#2405=CARTESIAN_POINT('',(1.85,-1.97234067092533,3.32992033546267));
#2406=CARTESIAN_POINT('',(1.85,0.,0.));
#2407=CARTESIAN_POINT('',(1.85,0.,0.));
#2408=CARTESIAN_POINT('',(1.85,0.,0.));
#2409=CARTESIAN_POINT('',(1.85,-2.651130503194,2.651130503194));
#2410=CARTESIAN_POINT('',(1.85,-3.32992033546267,1.97234067092533));
#2411=CARTESIAN_POINT('',(1.85,-3.75,1.03484067092533));
#2412=CARTESIAN_POINT('',(1.85,-3.75,0.));
#2413=CARTESIAN_POINT('',(1.85,0.,0.));
#2414=CARTESIAN_POINT('',(1.85,0.,0.));
#2415=CARTESIAN_POINT('',(1.85,0.,0.));
#2416=CARTESIAN_POINT('',(1.85,0.,0.));
#2417=B_SPLINE_SURFACE_WITH_KNOTS('Surf_PEFXWPKNIL, Fan Puck, 0, 11',1,3,((#2418, #2419, #2420, #2424, #2425, #2426, #2427),(#2421, #2422, #2423, #2428, #2429, #2430, #2431)),.UNSPECIFIED.,.F.,.F.,.F.,(2,2),(4,3,4),(0.,1.),(0.,1.,2.),.PIECEWISE_BEZIER_KNOTS.);
#2418=CARTESIAN_POINT('',(1.85,3.75,0.));
#2419=CARTESIAN_POINT('',(1.85,3.75,1.03484067092533));
#2420=CARTESIAN_POINT('',(1.85,3.32992033546267,1.97234067092533));
#2421=CARTESIAN_POINT('',(1.85,0.,0.));
#2422=CARTESIAN_POINT('',(1.85,0.,0.));
#2423=CARTESIAN_POINT('',(1.85,0.,0.));
#2424=CARTESIAN_POINT('',(1.85,2.651130503194,2.651130503194));
#2425=CARTESIAN_POINT('',(1.85,1.97234067092533,3.32992033546267));
#2426=CARTESIAN_POINT('',(1.85,1.03484067092533,3.75));
#2427=CARTESIAN_POINT('',(1.85,0.,3.75));
#2428=CARTESIAN_POINT('',(1.85,0.,0.));
#2429=CARTESIAN_POINT('',(1.85,0.,0.));
#2430=CARTESIAN_POINT('',(1.85,0.,0.));
#2431=CARTESIAN_POINT('',(1.85,0.,0.));
#2432=GEOMETRIC_SET('PEFXWPKNIL, Fan Puck, 0',(#2252,#2267,#2282,#2297,#2312,#2327,#2342,#2357,#2372,#2387,#2402,#2417));
#2433=GEOMETRICALLY_BOUNDED_SURFACE_SHAPE_REPRESENTATION('',(#2432),#12);
#2434=SHAPE_REPRESENTATION_RELATIONSHIP('','',#26,#2433);
ENDSEC;
END-ISO-10303-21;
